0.7339928095,1.8311499337,0.9965377023,0.1319714898,-0.0523387212,0.3328955549,0.3396351719,1.3186933655,0.4009199861,0.3641003929,0.6967708079,-0.3300884267,-0.7553822383,0.4644236897,-0.0407502819,0.2914632184,0.0811976634,-0.3317439815,-1.082427791,-0.7980231274,0.0235003834,0.5012732545,-0.0280904026,0.6602571973,0.0430012629,0.8806481665,0.3822786037,-1.2018255263,-0.0193681621,-1.3069884255,0.894093182,-0.7006895196
1.1436756608,-1.441148633,-0.9276164516,-1.0362815818,-3.6340004774,-1.1873505475,-3.9018755747,1.1081314848,-1.6646700168,0.7376807923,-2.8664976449,-0.9351817044,0.8342067583,-2.6213049328,-1.2407926728,-3.1692840236,-0.2549146969,-1.2308908711,-0.103927032,-0.0909272708,-2.775359226,-0.9458920989,0.0421355041,1.380152526,-0.0162625326,0.3256117755,0.7110370447,0.8812800815,-3.3004406981,1.3202700583,0.7325712504,-1.95756491
-0.4900467379,-0.8695892887,-0.2238147662,0.4636765702,-0.5471906372,-0.0797363249,-0.057023964,-0.7750676435,-0.0066526979,0.6856701295,0.0791976692,0.5676559032,1.0154345688,-0.2809953782,-0.9356698633,-0.6634862375,0.2988431554,0.1186154496,-1.0257209964,-0.815434547,0.8752689938,-0.2977368715,-0.4643122856,0.1693890793,-0.5669647896,0.43608186,0.9953169764,0.4940842965,-0.4229645289,-0.7298719289,-1.2523856593,-1.195726473
-0.8243730783,-0.9834791203,-0.0562466507,-0.5806574128,-0.6479664841,0.8947725714,0.6075518636,1.3232783872,1.0261753557,0.1070690236,-0.7419434131,-0.7460665567,1.2676209872,-0.3820010002,0.0163973553,-0.5019834433,-1.9457284458,0.6375104355,-0.3389564614,-0.7710410223,-1.0585182022,-1.1536681854,-1.6874422636,-0.0241597741,-2.187132234,-1.1553973438,0.7537505404,-0.0155682309,-0.8153906702,0.0236296291,-0.5393993152,-0.7495973455
-0.1577851627,-0.6255077204,-0.4926373244,-0.6843131544,-0.3242588669,0.9124584881,-0.3269788701,0.7777210181,-0.0672885253,-0.0775735,-1.0082114053,-0.6209023984,-1.281544665,0.7641346156,-0.1570079385,-0.4178697681,-0.5083273394,1.2103082456,-0.6630334159,-0.8478926652,0.1631320144,-0.7681154211,0.6061866221,0.3793750623,0.6526274696,-0.3203339762,-0.3670659743,-0.1071912013,0.1307609164,0.0734614145,-0.509557075,0.4058031168
3.1877256011,3.113321643,0.7596197821,0.3656861501,-0.6060960537,-5.6284025015,0.4845453208,-1.7987445863,0.1454832595,-0.9936051807,-1.116758346,-1.5104717909,0.3137106989,-1.2124301515,-1.0125012239,-2.2629469242,0.97830162,0.7664692471,-2.919072015,-5.9548142158,0.2115541335,5.7273106547,-2.2965915698,0.6462733303,3.0289556236,3.2207248543,1.0200302609,2.3026030943,-1.7623324634,1.2810468456,1.4308560669,-0.3403390835
-0.6926128578,1.58036181,-0.6232042946,0.7657061456,-0.8336001886,-0.7087628772,-0.7700364498,0.9604857377,-0.2869070162,-0.5180698534,0.8025106483,0.0830865777,0.5836111721,-0.5180255162,-0.3478311985,-1.4011706221,-0.3293937357,0.8489046102,-0.3473763696,-1.3869945716,-0.1791854138,1.2051589518,0.2744200011,0.4445697904,-0.0294133911,0.7967277395,-0.6135166413,-0.521859236,-0.0845047128,0.4963748137,-0.9285106365,-0.0790676463
0.7466028097,0.4855551567,1.1347036984,-1.2963672999,-1.265808656,-1.5032208048,-0.6426278417,0.4961434063,1.1242004908,-0.0709146721,1.7866097668,1.1302767244,0.1952501557,0.1740008369,0.1294178009,0.0817617497,-1.4094889802,-1.4285382717,-0.2069053434,-1.6896889282,0.8602143486,-0.6042276868,-2.3452207035,0.8906596082,-2.0394194787,1.5447985726,1.9938075978,-1.0936423122,-0.6732437984,-0.5862219882,2.7521098859,-2.3867131978
-0.096299635,0.2841245578,-0.0764208069,0.020982967,-0.1160004542,0.6046177035,-0.1988809894,1.0910167003,-0.3347542774,-0.056916279,0.7337396108,-0.1766211917,-0.7416580515,-0.3850772045,-0.1495998058,-0.548248602,-0.6868377124,0.2191038612,-0.8160818181,-1.3189997087,0.4956180644,-0.5464630352,0.7456391775,-0.922420649,-0.1518203737,0.5386411718,-0.4614707073,0.0360291531,-0.6746125995,-0.1468504341,-0.8116742676,-0.2106878881
-0.7057598413,0.6240283336,-0.3988433952,0.7694049162,0.1067625078,0.5682032889,0.0656100639,0.9222151686,-0.4540190954,-1.2157079729,-0.115004223,-0.64193359,-0.4552637596,0.4880664385,0.5819116701,-0.0367836848,0.4493774125,1.0054919117,0.6103045443,0.239917727,0.2873617119,-0.903023212,-0.1131739721,-0.9716153111,0.3838259106,-0.281511302,0.1857993402,0.537383744,0.4623699966,-0.6504403221,-0.3947432839,0.9218832598
2.8245068271,0.4355535722,-0.3325012486,0.9212793904,-0.3369618169,0.0288203151,1.9597098455,0.2306033388,0.6027168322,-0.4076060541,0.85027334,-0.6247863648,-1.0729686274,1.0721928561,0.1092260648,0.9570033879,0.5114853794,1.2714925647,-0.8850414196,2.814386793,-0.3579980096,-0.9060094398,-1.5107765028,-2.45861546,0.1779069059,-0.1932512877,-0.9965992809,1.3435855881,0.9929926086,-0.8423055498,1.0091646162,1.8983257552
-0.3850970448,1.2968040194,-0.6854136941,-0.8157357405,0.6663164211,-0.0166224737,-0.7919541721,1.0440786804,-0.3132435521,-1.1514189633,0.8096165433,0.7458947452,-1.529756664,0.3006283016,1.1807063751,-1.1504820859,-0.8818150051,1.2768545611,0.0628752191,-0.5963581846,-1.0743114905,1.2327004827,-1.9462284961,-1.2895760147,0.0957676782,0.4935575084,-0.3403150099,-1.5864588827,0.072554772,-0.8324149378,-1.6983551304,-1.5512881193
0.0751160967,1.76955134,-0.8721993905,1.0200146881,0.642149986,-0.4246671434,1.5176200583,1.8149063698,-0.0993663863,-1.1095144687,-1.95288369,-0.2999199405,-0.9020297736,0.8948929974,-2.0548825513,-0.1247642276,-0.6239740994,-0.6512105682,-0.7278702726,0.4352256451,-0.2592874742,-1.6337164888,0.9821718545,0.8920517722,-0.1127797638,1.069212563,0.6304042448,1.5667021511,-0.6887091805,0.0923538184,0.5219925376,-0.9991065191
-1.1170447927,-0.9667628458,-0.4410052306,-0.0176360296,-0.2607100656,0.0960971864,-0.1329399492,0.4754741681,-1.1488116796,-1.313410881,-0.7642239063,-0.2770723021,0.4473264214,-0.5266143124,-0.5504734395,-0.398827019,0.018050775,0.5393743512,0.6866832997,0.6970917815,-0.6429352997,0.820670787,-0.2569679604,-0.5588787161,-0.7453645876,-0.2549985041,-0.0372397908,0.1778455476,0.846594359,1.3628704758,-1.0498933357,-1.7892243774
0.0045527161,-0.0200428151,0.0241413834,-1.0169609408,0.0174377253,-1.5017487659,-0.0868122503,-0.8878683362,-0.3264357195,-0.4252304077,-0.9865040387,-0.0622529841,-2.4240127101,-1.5203192338,0.6255485612,-0.6791444259,-0.761137892,-0.273290905,1.5228609671,0.7350768029,-2.2207035334,-0.5006908567,0.6187565669,-1.2176827355,-0.1885775779,0.6455396739,-0.1365615442,0.9972980802,0.3091810338,-1.1032707086,1.1141479148,-0.4132550738
-0.1820200216,-1.4818724645,1.11922297,0.4902623937,-0.5904835576,-0.1943970676,-0.719793892,0.4262091456,0.6181269601,1.0593478318,-1.4115132599,-0.806065515,0.0564302656,0.3810856426,1.2499289443,-1.0908629413,-0.6559142347,1.4554493635,-0.6616556497,-0.5903576481,-1.3149055723,1.5880259961,1.0919055475,-1.6188565361,-0.8380672732,0.5691957858,-0.528382641,0.5545694376,0.151549315,0.0619285146,0.0094963543,0.1180262188
0.1342164811,1.5582295733,-2.254131895,-1.807126794,-1.6682406615,-1.9842028386,-0.3118929052,0.3663565227,-1.121000245,-0.2194787572,-0.5693438888,1.5441675471,0.7884241952,-1.9734733822,-1.0547211806,-1.6520983489,-0.3010153385,0.388359399,2.5134745257,-1.3891961213,0.6571646455,0.9586222551,0.2922978105,-0.8608517533,-0.0527084693,-1.8596570898,1.0091034491,-1.7180941167,0.8128319518,0.2588171454,-1.4903568191,0.3441058645
1.7105662391,2.9909323664,1.130677497,1.8245024164,-2.8322188368,-2.7782724974,-0.4074124508,1.7056917643,1.3212145847,1.0334303171,0.584412568,-1.0319961691,-1.5193503018,-0.9609324476,0.4548570066,0.1498127144,1.0623847237,-0.9052511563,-0.8757435579,1.652614391,0.9989310478,-2.1918126655,0.0966377533,1.8510589812,0.6757436513,1.6538330045,-0.6973090489,1.389488679,1.8171787128,-1.1731376,1.292158387,-1.5354624081
-0.0966121975,-0.0102491452,0.1806702751,0.0072611759,-0.4110774507,-0.0012195396,-0.4033478176,-0.1693761682,1.2398957863,0.2142035025,0.5579074516,0.8438451646,-0.5253617981,-1.1187380723,0.7851132688,0.0056791141,-1.061015095,0.8879842694,-0.3209381596,0.2295355435,0.4721922643,-0.5411758086,0.1667305292,0.8479096183,-0.0018810358,0.9798903925,-0.9853624211,-0.0938263094,-0.9388672753,0.2953936909,1.8153147338,-0.6172848372
-0.6464091765,0.7397803808,-0.7362689107,1.0955077128,-0.4243441053,0.659870595,-0.3225538915,0.3206922713,-0.0154875307,0.1869517649,0.2313350484,-0.6579302094,-0.4834005309,-1.7599818467,0.2055134899,0.0692492325,-0.7249645842,1.4957833089,0.0626002757,-0.7340141165,0.8500428138,0.1087510237,0.8156892815,1.2481611461,-1.6545072225,0.5169611627,-0.3381678775,-0.3636874768,0.0130180822,1.6119170514,0.2362526583,0.044632377
0.0264794299,1.1981071512,0.4443506267,2.5497134298,-1.1138118495,-0.9055823114,3.0338304305,-2.4642166041,0.7694612495,-0.0783995165,0.7171049335,-1.9550231458,1.9153616057,-1.0075491174,-0.0995704923,-1.3735831225,1.7144612298,-1.7590535749,-1.6946441747,-0.612168402,1.1103509213,-2.8877602461,-1.1515263065,1.2608847983,-2.0384398369,-0.2246497732,-0.2091101121,2.9968757653,0.6728932668,0.1433284602,-3.4368618853,3.0973424911
0.5363378286,-1.3984928949,-0.883960679,0.1903080425,0.4707652409,0.1410318136,-0.3497496694,0.8830382249,1.1612701406,-0.9697175885,0.5127254526,0.422613943,0.4436132479,-1.0632183837,-0.6319494182,0.7841661811,0.6035468515,-0.1457362755,0.2936767222,0.0757528439,-1.3818222465,0.0148553245,0.0572777844,-0.0973902159,-0.2612114948,-0.0564124433,-0.3520258096,0.1158077987,0.0193270721,0.5279416721,0.6651606954,1.1064203805
-2.8962458209,-1.2955943152,1.6725378513,1.1903794858,2.6635735226,-0.8781776701,1.0739872385,1.7458110821,-0.9547893859,-1.1240470249,1.3627874754,-1.4058572319,-4.7703495963,3.4315809905,-0.4519102308,1.4957975875,5.1342356802,-1.8655542498,-2.5643822496,3.9151652498,0.9292698617,-2.5454390672,-1.9801267733,-3.6029445697,0.0933354797,0.6949026638,-2.3136375086,0.157147496,5.1350539492,2.1924455653,-0.476430018,2.0554067702
-1.4304528466,-5.9024224749,3.1608530091,-0.6712170925,2.363828193,-0.0311785931,-6.4639888516,-5.9090077306,2.5279959596,-4.7730422651,-0.7984015428,-4.4521632891,-6.1081566252,0.5509428324,6.934170038,-7.8688330269,-3.1874734967,-2.8749943211,-1.2866781603,2.0728940603,1.8248912736,-2.0892301493,2.7169236995,4.7053768951,7.9251900351,-4.2914809481,-5.2826665832,3.1480913267,-2.7789760611,3.7241312094,-1.6100770293,-3.8051795002
-0.2946472019,0.8991073384,0.253350363,-0.2116847464,2.011411079,0.996786437,1.8537264734,1.9217961547,-1.4452976969,1.5441070719,-0.6427103338,2.1517423227,-0.9689257669,-1.5635090769,1.8766051127,0.5026992241,2.2460136602,-0.9002021557,-2.3117792196,3.5952875986,0.7220845002,-0.0660618883,-0.3129545113,-1.4740148331,-1.0230746643,2.2582557149,-0.0912843742,2.2302009182,0.0544423397,1.1577890688,0.2675255704,-0.5954095964
0.4688904413,0.6056731147,-0.8497479953,0.8333992057,0.9595004285,0.7727370067,0.7750514581,0.3417085702,0.5747268371,0.046221972,-0.063044486,-0.4793861178,-1.3936690726,1.8058450397,-0.53560889,-0.0013278605,0.4467429765,-0.477787744,1.1245630069,0.4073893617,0.9108397667,-1.1837792339,0.377305236,0.9720396109,-0.4771975829,0.4962345823,-0.1631803397,-0.1877706061,0.1616935219,1.0883373466,0.238392592,1.2753142365
-3.1581679101,2.8914077463,-2.3306450869,1.5309393665,-2.0516409831,-1.317976238,-2.8121770281,0.6056726043,-1.7602689237,-1.8208210908,-2.2985017162,-0.7376221604,-0.6100493306,-4.3630694106,-2.2811783383,2.4650506174,-5.9475911308,-0.4767475027,2.926496437,-1.8679790428,-0.8822404139,-2.7776051274,-3.5983367896,7.3124882598,4.9084853023,-1.058349435,-0.2922816843,-1.6413873968,-2.7841596575,-1.9729402507,2.5298078453,-4.8643977646
1.6030680815,17.049481768,11.8519815035,10.2213034556,-6.9131425172,-10.7838609974,6.8078224143,-15.3502719704,6.1591623185,-1.0625115009,0.5832699169,-2.1199310919,-10.8523950451,11.7924028786,12.6162742022,5.1554798271,9.2925181274,3.2891541541,-14.8501961158,-16.0918012908,-2.4510364674,0.9754629122,3.7484645112,5.387581649,-11.1031928956,-7.4373692902,3.3521789023,1.7753084466,-2.7841345145,-5.7068941857,-23.6059219406,3.0383141473
-0.7246914808,0.7640835123,-0.9710128217,-0.1950163309,-1.1227377209,0.0568625564,0.7799394947,-1.1401502758,-1.20383311,0.8633262266,-0.0950732802,1.3124942199,0.2283704835,-1.0400830539,-1.0366666522,-0.6923804494,-0.6030792575,0.6792052505,-0.2861052015,-0.4853140491,0.2425147935,-0.3890691021,0.5866175508,-0.2371672739,0.6615689051,-0.547919746,-0.699427427,-1.0801129413,-0.1834188684,0.0561771265,0.5535350167,0.5268827389
0.4761528794,0.9256795285,0.000846297,1.528571595,-0.4572061152,-0.7278093406,0.4854069339,-0.2222049899,-0.7796254435,-0.8285565376,-0.5989887792,-0.0786089979,-0.5534123735,-0.4629052504,0.8637934956,0.1645735032,-0.1295257298,0.7621380802,-1.1375787885,0.2712884288,0.4941271204,-0.7167096173,-0.2759694284,-0.1961644339,-0.0531488425,0.1417237215,0.1468568242,-0.5638104902,0.0193587495,-0.6699709286,-0.9030129725,0.9963766644
0.2004151037,0.5542170147,0.0357327477,-0.5204448854,0.4236935598,-0.1912695427,-0.0158406501,0.919420777,0.1238862567,0.8342029058,1.0545359959,-0.1165791466,-0.9528532362,0.5419166384,-0.1640297371,1.1666679858,0.3931635889,-1.0708560147,-1.1512452167,0.6267380625,0.2836034794,-1.1565474637,0.3006248183,1.2638584541,0.4049857731,0.2483119112,0.615433139,-1.5347317091,-1.1852501638,-1.281372977,-0.1003364823,-0.478140322
-0.8820039888,1.0609980902,1.9276205774,3.9151182727,-3.4568501306,-5.9533912644,1.9636496896,-1.8364890735,3.0851567648,-6.8321752413,-7.0050485296,3.8325271927,-5.3039128808,0.3120473545,2.1645825478,-3.1187186585,1.2602102072,-3.8679885589,-1.3536737008,-3.3178599667,-2.2763485886,-3.1656626379,-3.2937944643,1.950428524,1.8753793214,0.0088188449,-3.5974059549,-4.3459224909,0.6951022745,-0.9214886387,-3.9164316889,4.2673735699
-0.5036515779,-2.0179842022,-1.8486102188,1.4118665157,0.8925586794,-1.8314613977,1.7640963698,0.3102668136,3.1703924291,2.7237013973,-1.3132586538,0.1304700795,-0.848449495,4.3642808795,-1.2857373699,0.475269994,-0.979421932,2.3330301268,-1.3712150684,1.2899303261,-0.0037069357,1.5243545938,-0.3814918269,-2.0117198263,1.7518995871,-0.2028166937,0.4378964651,-0.7182536057,-1.6659949381,0.0047848956,-2.0478670646,2.4192992727
-0.4848637351,0.7162594244,-0.9738201853,-0.1611876338,0.8692922493,-0.7645178767,-1.2948612316,-0.1417005059,-0.0827151466,-0.5118025233,-0.8034656267,-0.4519055133,-1.1579839808,0.1576109549,1.1941626826,-0.6486044854,-0.2008908783,0.7133708425,0.0811516921,-0.8188196931,-1.3141940458,-0.1730900108,0.2819554624,0.9145934401,0.1761151761,0.4165789594,0.409824849,0.1962120636,-0.1958841865,0.4121401636,-0.4881527496,0.7874522562
0.8084485009,1.115602226,-0.1049590704,1.5903611027,0.2983900131,0.8651060642,0.8061087684,-0.2139733596,1.5718355654,-1.7266288377,0.7162326627,0.2533509331,-1.5426430398,0.6787480227,-0.2662812304,-0.6820870105,0.2209793067,-0.7463899116,0.6864749352,-0.3452600321,-1.1639444679,0.7246983687,-0.8540178251,-0.7636284257,-0.9156693131,0.349324157,-1.0029923893,0.4500688903,-0.6154135303,2.1345766769,2.0671200871,1.1458722722
0.5156957086,-1.3994961326,-1.3501001011,-0.4123800527,1.0408936763,0.4018541892,-0.2334954101,-0.640600936,-0.5392053067,-0.1897790159,0.7053584704,0.4437044586,0.0190712475,-2.1991880692,0.5182570356,-0.3771877905,-0.6249331192,0.2742041535,-0.7817071669,-0.4817744926,2.0895204684,-0.1853503696,-0.2140465912,0.6623036249,-0.9652483564,-1.30495104,0.3705930997,-0.1062453308,0.238025032,1.2827424333,0.7393362733,-0.5070278775
-2.1953418802,3.4814835676,1.8436828451,1.1708791673,-1.6131956444,-1.3412307225,1.7899365711,0.9390150036,2.0695157408,2.3645636309,-0.8433002251,-4.7292651048,-0.1729670594,-0.4144764037,1.0530079187,0.1035708649,0.9563784499,-5.0684379408,-0.6362474402,2.0664306453,0.5413545807,0.6292357736,-1.3400011725,-2.8116680275,0.2907048287,-0.2385586929,0.4902374934,0.0083783856,1.2800521169,-0.3102427949,1.5220885195,2.4018211194
-0.1271986269,0.6154358387,-0.2776196281,0.8081463032,0.0519364718,-0.8705923811,0.188423621,-0.8836577231,0.0338453781,-0.0531069267,-0.5377117208,0.2877169999,-0.2268000443,-0.7070784292,0.6705043468,0.131987433,-1.1336376902,-0.0989888739,0.5630964887,0.0724631642,-0.533532225,-0.3955377875,-1.1385184135,-1.0518967265,-1.1035436047,-0.2838145502,-0.1967822526,-0.4477738288,0.3390018829,0.805328061,0.3017873769,1.2524081585
-0.4420718953,0.027615184,-1.1585471095,0.1945834585,-0.5816056299,1.1289455746,-0.2820383989,-0.9891348497,0.0594699172,-0.6770324743,-1.1079864487,0.0040613418,-0.5827667569,-0.1637867043,-0.2488845118,0.9122789252,1.1073241326,1.2869018271,-0.0525943188,0.8983872324,0.4350128819,0.914296301,0.6872266323,-0.105819851,1.1352674809,-0.2534136724,-0.4114493872,-0.7509761927,-0.3218561682,-0.3527833436,0.6217707411,-0.7787524628
0.553354056,-0.7579033787,-0.3207273376,0.1149000375,1.111314601,0.4975391247,0.9807893919,0.1544849772,-0.959048535,-0.6077615964,0.4224407157,-0.6230883251,0.6245250075,1.1896265306,-1.0854295917,1.0900339952,0.1762917509,-0.4301537763,0.9758335821,0.1079546319,-0.2298754658,-0.0857500964,0.3699878621,-0.367031258,0.7397817919,-0.3752437778,0.9227344484,-1.1150718493,-0.6931628766,0.1097402877,-0.4057590094,0.2177532441
-0.885637573,-0.4187270781,0.6627665762,1.5242337827,-1.2023871656,-1.2676156406,-0.6313117235,0.5251050321,-0.0761038049,-0.6839142866,0.3957304187,0.2340757308,0.4456871975,-1.0783895467,1.2692422962,-0.4198418571,-1.1224126722,-0.2177290927,1.0571735361,0.2277555112,-0.5846693526,-0.4567405829,0.0476029338,0.1352016102,0.4009492956,-0.117014795,-0.1726729473,-0.0766075164,0.3316898218,0.8690925128,0.3454811391,0.4490937798
0.962425702,1.6847569615,1.4130819651,0.3080527499,2.7196483448,1.3666464231,2.612130425,2.8975830674,0.9904368371,-0.986099213,0.2769337278,-0.5836321441,-2.7087828733,0.8508602408,2.2430132498,0.0413203642,2.9231132053,-0.1270200268,-0.160366712,1.236653872,0.0815994658,-0.3099020758,-0.633671489,0.2885001033,2.2954291394,0.0133772296,-2.1823551396,-0.6271466801,2.5038758374,-1.1747449836,2.3179759595,1.8720971939
0.5102584646,-1.2012839188,1.8600557195,5.8917913659,3.3282770234,1.6778752629,-0.0423875693,0.9329355934,1.8196082276,-0.5072883642,-0.0390903333,3.2397947186,-3.4497361946,0.022821613,0.5829445507,-0.8479639391,1.9687079964,-0.8098459033,-1.9672161829,0.3136619247,0.6375532506,0.0921579204,-0.3174164337,0.624461608,-3.6357785995,-1.7358764748,-1.4751755088,-0.0070689728,0.6917582534,-0.8567635154,-2.9139372065,0.385265691
0.7778734589,-0.8212234344,0.7502156442,-0.7481108465,-0.99651719,-0.4423872594,0.1599394796,0.0562085808,1.5869619551,0.6087512231,-0.2871756886,0.6747189422,-1.1606994155,0.348255475,0.0224015552,1.1656377772,2.2588044495,-1.2449924298,-1.7285362354,1.4170972064,-0.5108610789,1.0836376507,-0.5002198631,-0.0602189864,0.2010344274,-1.8907046357,0.7996873181,1.6316071575,1.2154371058,-2.4711623761,0.7561701438,1.5100716069
7.5756328053,-16.0609122062,7.6368181209,-4.5916072609,5.123774606,-8.1674202072,-5.5153929971,3.8402857307,11.0018918519,-4.6030751307,-1.8763559056,-4.0275570849,-5.1539068016,-5.4431818385,-1.0410018889,-4.5301975005,-0.4266373383,0.6883970789,-1.1563084708,-1.5965593512,-2.8861257853,3.9841552064,-0.2393962043,4.0412381002,-1.5453202153,-1.8242446201,-4.405110769,4.0161803,-7.531280938,5.0277013605,-5.5096352753,6.5846840088
-0.9154102841,-0.0751608952,-0.1127864209,-0.6456927651,0.9754204882,0.126465964,0.3997512955,-0.2480386586,1.0029472976,-0.0204251045,-0.924704357,-0.0078815045,-0.3353327864,-0.831605013,1.2113039584,0.5176378775,-0.5189343066,-0.0480271104,0.7539061034,-0.4522283939,-0.3044872777,-1.194756514,1.0254605642,0.8792822659,0.1333099812,0.3678324108,-0.3258982366,-0.3253382619,-0.4772271697,-0.3509239532,0.9216898875,0.0833799224
-0.638251424,0.765508583,0.7286243935,0.4384154475,0.5082403073,-0.7614803244,1.562630065,2.4222882247,1.0672220734,-0.7177873399,0.2662398432,-0.0572814173,-0.4039413711,0.9505047847,0.8488254169,-1.584067814,-0.0931387338,-1.1231704541,-2.0163679503,0.0995570933,1.910293781,-0.1342205707,1.3448103669,0.5293932361,-0.3948839778,0.9294649089,-0.8410622733,-0.7426790021,0.682680234,-1.3136367918,-1.621740525,1.3968455242
0.3518427557,0.0941002092,0.6242645404,-0.0510238612,-0.972794245,-1.0202545302,-0.8104707453,0.2018534933,0.8856753166,-0.3093171155,-0.2718586261,0.192520938,1.0477901074,0.1820147896,-0.1538493071,-0.8186352748,0.1771276296,-0.4815467533,0.1198875392,-0.3652059946,-0.5667420155,0.6520822232,-1.3927950482,0.2325553036,-0.4584674429,-0.1829125603,-0.8374689384,-0.3983264956,-0.8653500847,0.8180127844,-0.7742046684,0.006078035
2.1342393287,1.4338775154,1.5527710236,1.0648338935,-3.5684212554,1.214049497,1.8882035754,-3.600343262,-0.1819646252,3.3676683127,-2.0021979147,-4.2009431247,-0.4860815116,-0.4487091584,3.1655425646,-0.5186007594,0.974388485,3.3044796101,-2.17987485,2.7874672628,2.3606929772,-0.0660967324,-0.7218713269,2.794862962,-0.9283616512,5.631161996,-0.2126382427,2.5786434996,1.0823087192,0.3444191111,-3.1647507751,-2.0616403663
-0.3995410905,0.0572730902,0.4818090174,1.0471095129,1.3656649265,0.3145119736,-0.2953595066,-0.8987358204,-0.0963081189,0.9212517723,-0.3265636582,-1.3056020911,-0.6761921265,-0.8156134393,0.1090150962,-0.2784448762,-0.8311701451,-1.2585938439,-1.1822062584,0.5063955935,0.9019190457,0.5335525346,1.4859844711,-1.2469567604,-0.5363185153,-0.4967503368,0.9556022458,-0.876769631,-0.5358198138,-1.0024790392,-0.3108326659,-0.7346941949
1.3517327654,0.8646157761,1.795310112,0.4226748767,-0.8911901613,-0.4490571169,0.4499429871,2.5170137574,0.4295309213,-0.2973706625,1.8415456177,-0.4948430075,-0.9108541983,-2.2286802499,1.9470405571,1.5766586585,-2.4582863667,0.3544502915,0.0591596449,-0.4084838103,-2.8102118363,1.357070437,-0.3927699913,3.2028621108,0.6560508021,0.0916699992,-0.2545709128,-1.4576787599,0.4194884527,-4.3005129732,-0.4385866327,1.9802049069
1.4798288722,-0.0318940116,5.8021718347,1.1931900654,2.4849492148,1.1904742119,3.8884207408,-3.3651645701,1.8598842833,4.3209559249,-1.0479483654,-3.3563611969,-1.4274642965,-1.0493313163,2.1166941632,-2.612639657,1.2773413156,-3.8847747742,-4.6963592948,0.7616161764,-2.3012622162,-0.2088559843,1.5167233239,2.6433430944,-2.3936630479,2.2074908538,0.5508992209,1.23380366,2.3114120504,4.0970567903,-1.2748567775,2.4454727244
0.0360193423,-1.1273811188,-0.492296738,0.3570073976,-0.4148014005,-0.9253744075,0.615468324,1.0811391928,0.2771785409,-0.0214377112,0.3989058903,1.5778011319,-1.2667482189,0.0330995974,-0.0878384635,0.3945330705,-0.802646886,0.0916518365,0.0275389243,-0.9217072496,0.1012512061,0.4680444698,0.9200626666,0.6863551189,0.6842425893,-1.242923869,-0.0267449886,0.6738398447,1.948487399,0.4205556225,-0.5551795641,0.7927424631
0.3490581553,-0.0039370271,-0.6248117492,-0.8720395784,0.3053515205,2.1898817337,-0.0063757135,-1.5184774387,-0.4734861912,-1.2220817467,-0.8960477946,-0.8019446105,-0.1527628036,0.3717927754,-1.4414043725,-0.6935457412,-0.017364243,1.2143575147,1.2879666289,-1.4637253415,-0.7639170919,-0.4707915071,-1.7820426179,1.8320152169,-1.8688748462,0.4808727081,-0.065354762,2.134842379,-1.4898096549,1.8218896877,-0.2392353963,-0.7436826854
-0.4301155056,-1.0348384224,-0.6082085018,-0.7992378558,-0.3364576841,-0.6910015166,-0.243357069,0.5545789386,0.5486198849,0.3318396762,0.7259278197,-0.685415775,0.2443931348,-0.552279328,-0.938896231,0.6286408472,1.0181901358,0.1563739081,0.9599635597,0.0674714075,0.9682451096,-1.415265998,-0.207430862,0.4665354915,-0.9672659334,0.7436571221,-0.7353130502,0.3337685263,0.0681356419,0.6746981959,-0.5073192913,-0.2905911669
-1.2059062699,1.2092066773,-1.2277438099,0.3598409068,0.9494678021,0.7362879081,1.0135184866,0.8761946455,-0.1059929886,0.02943776,1.1234590537,0.1086310611,-0.2144498471,1.0923836675,0.6221010228,-1.3759589956,1.440142951,-0.9919290693,0.7283207834,1.5760253028,-1.0901728067,0.7447351862,-1.4287461745,0.2295333101,-0.8835933198,0.2014485272,-0.7425545657,0.9401918181,0.6351094805,0.6184765779,0.7788720595,-0.0257086397
0.3754860502,-0.3962559674,0.7548687947,0.2765307969,-0.644409713,0.4815567047,-1.0763562022,0.5133511168,-0.1162654394,0.5220611367,-0.2692932499,-0.3648933672,-1.0065397592,-0.5661338085,-0.9152856522,0.8462513245,-0.682691711,0.9608044686,-0.8043849167,-0.4669371963,-1.3625840217,0.5118997892,-0.665427699,0.9135610979,-0.2939790363,1.3757912062,-0.3368431558,-0.2399318708,0.5162282876,-0.523093772,-1.7702470963,0.6041688599
-0.8271465833,1.4874392411,1.1842890895,0.9915641269,1.3426786122,-0.9167457232,1.5760880393,-1.2219400551,-0.8230111564,-4.0878143918,-1.1590366064,0.6226253345,0.0238532486,-0.7263396362,0.2918059089,0.6134011728,2.5511356484,0.4009402726,-1.5303823702,1.2457143706,1.1680796897,-0.3211962635,0.7792749088,-1.7695761099,-0.5587934072,-2.837239703,1.8676019179,0.4513071773,1.1258962902,2.8263383614,-1.0189774575,0.5791666165
-0.9013121231,-0.81425142,0.7982625156,-0.0221772352,1.7960884644,0.6916446874,-1.5100985161,0.808522257,-1.251569354,0.2960652163,-0.2395929231,0.3195727352,1.6411191225,-1.1564661691,1.0949785448,-0.4783659646,0.0965025269,-0.8415240374,-0.4984215013,1.8050770129,0.0358611098,-0.0123852803,1.0306993894,-0.9776702609,0.8229836284,-1.7959756737,1.4224901886,1.2276184868,-0.4413103549,0.1340477474,0.940367727,1.2335212501
-0.5158268687,-0.7511836346,-0.1008212448,-0.5073942026,0.9492620966,-0.428885755,0.1506762067,-0.2950639197,0.4227772217,-1.0324213344,-0.7193279221,0.4454238076,0.4904675872,0.5104523472,-0.7936331985,0.9909853157,0.2048344682,-0.4990679292,-1.1758789135,-1.0380477927,-0.2673999741,-0.5162420558,0.2888144694,0.4273241274,0.025417162,0.6964517692,-0.080108695,0.2747529117,-0.6060445851,0.4792470208,0.7619796459,0.6259261331
-1.7632762,2.567679302,-0.4813897902,-0.3646160348,-4.316514022,3.3457607193,3.7800227327,2.9421949841,1.8797662322,-1.0229655399,1.379902103,2.8681140028,-2.8439970424,-4.0693550874,-0.5317485621,-0.0419013816,4.3556619462,-4.7568661152,-7.3517918014,6.2550526105,5.6564616219,1.5778096619,-0.3483334061,-1.4103648828,-3.5976396894,-2.5636945536,-1.5702703725,1.2448177268,2.6165423325,0.1181879732,2.4278059707,-0.8550660694
0.4605318748,-1.9738719119,1.0778408598,0.5711971292,0.2315312141,0.1602936009,1.0167667498,2.7390837683,-0.8581916245,0.2646455616,0.5828126794,-0.1238128407,-1.9237407449,0.5428948577,2.0319235684,-0.0404053494,0.1152222754,-1.6430203193,-1.6592841349,0.7200343994,-0.6822814728,-1.3663968744,0.4821756899,0.4438590169,-1.161688048,-1.8379429036,-0.5055464917,-2.1332217595,0.4552638233,-0.7533505789,0.5970942612,1.1784618429
1.1303579173,0.4831685474,0.1324721743,-1.6721100947,0.572867298,-0.7833696688,-0.3019931568,0.1483348525,-0.5547018159,-0.2555409092,0.1653954378,-0.0360880739,1.9349095481,-0.5153372231,-0.4259672369,-1.1635072491,0.8140871743,-0.7919057285,2.0281485552,-0.6324159137,0.0447518704,-1.5708082358,0.4416618234,-1.3631409505,-2.5316114364,-0.133827991,2.1394349247,-1.5321639541,-1.3761312151,-0.2032775264,0.1929830962,-0.953972342
-0.3414136699,0.1972428916,0.0969685746,2.7862902422,-1.0683263238,-1.8479441272,1.1924098234,0.4303022504,0.4256977537,0.6159422834,-0.4791550188,-1.2890120354,-0.911096168,1.1732918225,-0.6638181335,2.1824808785,1.7265851885,0.1738844206,-0.465172995,1.2517729237,2.019338829,-1.2646767586,-0.9637489406,-1.2058685853,1.3947556722,0.0907282355,-0.273386241,-0.0156149578,-0.1337446529,0.1085676611,0.8008814286,2.5825486586
-0.5521626179,0.1009168854,-0.0887902042,1.8373316196,-0.3962256506,-0.6679979326,-0.315805327,0.8537081764,0.5639456532,0.8241510637,0.4243820134,-1.4593166216,0.3594937959,0.701637299,-0.9440445783,1.3416572297,-0.0168628847,0.556768091,-0.1862567387,-0.7336837517,-1.3203261262,0.3388070877,0.2251585174,0.2647402727,0.2138807371,-0.4517903156,1.0118325332,0.0619351622,0.2918958489,-0.1562586206,0.7547679999,1.068967671
-0.7190166449,-0.6339328951,0.8415742468,-0.2182295076,0.9462441444,-0.7486454604,0.7308217056,-0.3793736659,-0.7607581315,-0.9474856454,0.002220864,-0.3297267347,-0.0673517667,-0.950853472,-0.4191994645,0.4982036498,-0.6938700574,0.0273755239,-1.0216862456,-0.3982831802,0.0589754106,0.5456459766,0.4169909208,-0.3857717319,-0.6183932683,0.3969551806,-0.0235993262,0.7235982821,0.0913580632,-0.6618428552,-0.1041614118,-0.4900912694
-0.1946878591,0.4380107374,0.2883546539,1.0274102655,-0.7404276627,0.2025412483,0.5888386101,0.3315661773,0.3048367819,0.5806014223,-1.8707378837,1.4509203269,0.5430333862,0.2400940366,0.2208383756,0.7303925158,-0.9724139737,0.464783504,1.5397239232,-0.6417665209,0.3695833838,0.5374906211,-0.5327032715,0.2874136189,0.9922334646,0.1064002994,-0.1225775866,0.7159157114,0.8742671826,1.3247001725,-0.2723232555,-0.4758543728
0.4188271168,-0.7790865964,-2.2911532256,-1.1376554405,-0.497798452,-0.3559855227,1.0591057084,0.4509739588,0.8375962773,-0.212674122,1.2960936378,0.1709475466,-0.0916943882,1.0885337979,1.7769123094,-0.3092249785,-1.4895816419,0.8637356811,-1.0698744578,-0.3759397835,1.0204080622,0.3372856179,0.7740153749,0.3032533832,0.1740613593,-0.0343954064,-0.9303819818,0.966688178,-0.382177803,-0.1599558126,0.9590211722,-0.5220702171
1.5097909237,-0.0875442991,0.588308567,0.4040320866,0.5793066739,0.1271688159,2.6239951698,2.2598096186,2.3078702955,-2.5293093561,-2.5431851922,-3.2587924106,1.4006544677,-1.1021721059,0.9223718518,0.3072991455,-0.7496051563,-1.9124675276,1.3240502463,-2.9797199449,0.7968860767,0.8205600088,-2.3208307327,0.1944751599,-2.5685481665,-1.0460954135,-0.1628498238,-2.5345787537,-0.6230899191,1.6348524271,1.9456300472,-0.8100690131
1.0550705956,0.2017640072,-0.3985470604,0.5692242612,0.1385444861,-0.8263770306,1.4675321245,-0.5388578824,-1.4999459257,0.7806372753,-0.2791535667,-0.3640259284,0.3527950226,-0.6159517486,0.2030938193,1.5944564142,0.6537467757,-0.5187264461,-0.3120814946,-0.2580936159,-0.981988463,0.0934182543,1.4959601031,-0.5547549978,-2.3138376814,-0.1873572445,-0.6173390549,-0.2028477553,0.5933337732,-0.412599964,-1.2863928673,0.9490651202
-1.2932890877,-0.5329533103,1.2868388222,-0.7346014211,-0.8356368471,0.4445878014,-0.7413743938,0.0624626958,1.2148370884,-1.0297714201,0.5469126148,-3.6090537593,-2.8060336756,0.5047534201,-0.1450061852,-2.5280759694,-1.623216069,0.346258488,0.9543326281,-0.1528445564,-1.5652437627,-2.2058222109,2.0400858211,1.9002195279,0.7221345617,0.5446469048,-0.7873792848,2.1784399026,-1.7610115186,0.5381038219,-1.0065767473,2.5656361533
0.7875270694,4.8231148717,2.3960319794,2.413435766,-0.7188164334,-0.7663957718,-1.519982763,-0.3403661251,1.3277803521,1.171221633,-2.8460642266,0.1892685148,-0.9097717707,1.5246543588,1.6867008145,-0.311862245,0.7077305719,0.7064340811,0.358318442,0.7694148474,1.1513299293,-0.3286794943,-1.849882846,-0.0628154781,-1.7656583754,2.8478745713,0.3140628493,2.9815356367,-0.6437520017,-1.045073368,-0.7923917307,3.0124759816
0.0594430898,-0.1436519974,0.5120386285,0.768795377,-0.0498540742,-0.7217567622,1.0447386637,0.4872477856,0.7013900406,0.9036262101,-0.4127185879,-0.30671384,-0.2460224634,-0.4682205279,0.7722472662,-0.0349939921,0.1363992162,-0.6889153793,-0.7198825693,-0.6785275743,-0.4184657693,-0.7681104869,0.7876300319,0.1914337888,-0.2357550127,-1.3056037408,-0.4053337643,0.0638882582,-0.9924080361,0.85889141,-0.4969958509,-0.1297221974
-0.0262382078,-0.7966964593,-0.8572391641,-0.5726904254,-0.596224974,0.7224585853,-0.5605338975,1.7103078606,0.8374777747,-0.377977602,-0.0821739936,-0.5390866355,0.1233618783,-2.0219529709,-0.779687003,0.384785806,-0.0170011372,-1.3212465266,-1.086673614,-1.5379273596,-0.9694975363,0.1249499776,2.0408625736,-0.5821154898,0.7200533116,1.9234702624,0.6856415569,-0.4506620751,-1.6624740259,-0.3259293735,0.2400149582,0.4685636514
-2.2988928183,0.2173725193,0.1413336768,-0.6090819533,-1.0957238287,-0.0256874441,-1.1270980645,0.010241096,-0.3425761494,-1.7617527122,-1.6197891482,-0.9036856098,0.1664104561,-0.6380543094,0.4060235895,-1.688427706,1.3564329188,1.2154692719,1.3642509869,1.3619542428,1.3245460523,1.2597996118,-0.0109967581,-0.6935227373,-0.3257132674,1.088398812,-0.4920777713,-0.0559708438,0.755607796,-0.9711812291,-0.3202302745,-0.1147902937
-0.0876262095,-0.3928569175,-1.0342282055,-0.2152210594,-0.5301351145,0.2373459258,0.6864241538,0.9841007959,0.8770315345,0.0631050436,-0.0484021057,-0.3932645006,-0.7048826316,-0.4771079348,-0.4831986947,0.5531468304,1.429435146,-0.879963037,-0.6279363069,-0.7435238487,-0.2798200577,1.2707748483,-1.0544751464,0.5576734558,-1.0613920268,1.2387856713,0.5413723053,0.5981711424,-1.0858965601,-1.0953425177,-0.3406236356,-0.533670055
0.6118722353,-0.8226011835,0.0424820425,-0.3662649724,-0.9059332537,0.7623624733,0.0145530316,-0.8092074006,0.6360694506,-0.3787476501,-0.0641372918,0.6989014636,-0.0714882925,0.8952699976,0.3857013657,1.4274477705,0.7397172626,0.5222070245,0.8694067559,0.7358945135,1.147505291,-0.1867483849,0.1693692906,-0.0153750985,-1.0141847313,0.1283415609,-0.0802162563,-0.2318055482,-0.6774718179,1.050685403,-0.0753376866,0.5028972106
0.5713608135,0.0853838183,0.8924286773,0.0487935486,-0.2845819219,-0.1026066382,-0.4518282265,-0.0649815753,0.7181638262,0.8558141454,-1.0606860529,-0.0472554725,-1.3724438517,-0.6995367762,-0.96499473,-0.8173931363,-0.855506947,-0.207436666,-0.1739930074,0.4036331837,-0.0469716085,0.1482841099,-0.302191697,0.1381351996,-0.4891520878,-0.3449613652,1.0522256604,-0.4216881384,0.7650513465,-0.9574675413,-0.290655036,-0.5371969493
0.9222690013,0.0937073568,0.0571947855,2.1065114563,-0.050596723,1.8004225966,1.7563205702,0.8931857857,2.9063325024,-1.8835813161,0.3947270209,0.875751314,-0.6260145673,0.1752351454,-0.8106694267,2.6160534421,2.1198841333,-1.8574764744,0.9002258726,-1.0513075208,2.8293731336,0.8437063122,0.9936475076,-0.04127785,0.7159453066,3.0439060314,-0.2677894168,0.6584042712,0.265484141,0.1499800848,1.6346099762,1.6844895748
-2.5707861306,-2.0067927434,-1.2528294806,1.556301828,0.5503408102,1.8894118591,-1.0287995,-1.2411458789,2.12577145,-0.2646856573,-0.9905221995,-1.6132951664,-1.1496037525,2.4587079772,0.7903638434,-2.9470424115,-1.6162525873,0.6654994378,-1.5468889228,-0.5780311306,1.1026977561,0.5279362714,-2.0184306853,0.8766703692,0.3196095456,-0.6805909561,-2.1664299738,0.5327203012,-2.6427287435,-0.1939620595,1.31797272,-0.7790789338
-1.9708318391,2.2602535886,2.321115019,1.7371182341,-2.9058244069,0.8295255743,1.1700436205,-3.0743856154,3.4872996825,-0.216901977,-0.1947907226,-2.9965560219,3.654294139,-2.5443878523,-2.3584537178,0.4053155312,2.1862098846,1.0825193481,-2.0351795304,3.8294648326,3.6391833913,-0.2342414214,-1.7700205067,2.1794201884,-0.1011107,2.5542958697,-1.9056261036,-1.7464865243,2.4192190417,-1.2339969652,0.7826979978,4.3793662407
0.6925779108,-0.8520292423,-0.2597186164,0.0234457416,-0.5665430106,-0.6884062356,0.8392909255,1.0542639,-1.4365448106,0.3591381943,-0.5859009065,-0.4426560902,-0.5768946298,-1.0597766402,-0.2217101535,-0.5570506371,-1.0968862335,-0.1000235551,0.1367344982,-0.3471364303,0.1387085694,-0.3043513273,-0.5771618977,-0.4210500495,0.7216829582,0.0360501732,-0.3553974552,0.4745643237,-0.5146413254,-1.1985984553,-0.835737278,-0.8533701808
-0.672027621,1.0048176577,-0.1478512919,0.8540184618,-0.6965199308,0.9788182127,0.4242383396,-0.3833863124,-0.3364211715,0.0481798997,-0.2070508509,0.5753841213,0.9403244894,0.2643763827,-1.0380211809,0.1490800588,0.4957179666,-0.7262708229,-0.5487069515,-0.5032561445,0.9393851694,0.4243163235,-1.1964711799,0.493563763,0.6953779063,0.8024948948,-0.0864834842,0.7965770447,-0.2138470654,-0.1625033427,-0.2896062397,-0.4943206109
-0.5072433466,0.3486824473,-0.2131369883,1.1916634786,1.1011806795,-0.4214082985,0.5750231046,-0.7982404311,0.362652531,0.8352307839,-0.8149618813,-0.4588204219,-0.4401828938,-0.4769342924,0.4426180688,1.0741473556,-1.1030944848,-0.4568833041,-1.629203256,-1.4359186719,0.2036100409,-0.2989516165,-0.4928744358,-0.0442296179,-0.5886285833,1.1060377576,-0.8065408473,0.9422172665,-0.4968469773,0.0111968927,0.097570363,0.2551657754
-0.0004061347,0.3469381296,2.1444341949,1.8396158946,-0.1884328112,1.298949736,-0.1279495088,-2.5670863886,3.3511555199,-1.5435552094,-2.3680248959,-0.3316074648,-2.1847740717,0.3649688864,1.5313183468,0.3352057639,1.8561601712,0.2936309157,-0.918252752,0.0370625004,4.399044723,0.3927402259,0.657228174,-0.8612241098,1.9734499239,1.1754027726,-0.7286305916,0.023489452,1.6310096208,-0.489730996,0.9371899168,2.1885317281
-0.8398149881,0.4419596513,1.1323365986,0.977955287,-0.4705687896,-0.6345019234,-0.4319352312,0.6385526604,0.7186303451,0.7264082011,-1.7822078308,-1.2187722007,1.1440526184,-0.3837748109,0.0949853587,0.9625974533,0.3515338142,0.05540692,0.8126174634,0.8380615969,1.3938355625,0.8883438512,-0.5218130781,1.0900818211,0.9513046631,-1.377604766,0.7955884056,-0.9465708126,-0.8866203567,0.7340195938,0.7299612322,-0.8009398943
-0.1369272568,-0.1130973046,-0.7981058731,-0.0487352204,0.4147260653,0.2426913956,-0.2726861049,-1.0518427846,2.2426457868,1.6504421599,-2.1998155675,2.4822288387,-0.4769071057,-0.1998963226,-1.6699983153,-0.4311474899,2.599647374,-0.668642092,-0.9952401862,0.0155754845,-0.0746943686,0.4904195592,-2.0270299583,-0.3827226022,0.5340364761,0.6550788347,0.765385302,2.5155449066,0.6305262468,-0.4069356755,-1.6322890581,0.4953805101
0.0854586014,-0.1045682017,0.859775427,-0.0207580815,2.5329302508,-2.1352822785,0.9303431444,-0.3246867811,-0.3728147797,-1.7518621026,-1.168450247,-1.3847234981,1.3438754642,0.9648403828,-0.3352656839,-1.1411246077,-1.5188738466,0.6620082168,-0.0595556995,0.2989065848,-1.3455696791,0.7656809191,1.6555740691,1.8152582136,-0.3688509132,0.6475308196,-0.9114013105,-1.2224012578,0.8283437099,-1.8333206023,0.2047716161,0.3124481452
1.1498557621,-0.5131307978,-1.0643091465,-1.1371095136,0.1097850192,-0.1897495469,-0.5461745742,-0.9195982826,0.7761020635,0.5873343912,-0.4214602799,0.737728219,-0.5766806154,-0.0587759098,-0.3712354012,-0.35071931,-0.1528948683,-0.2297476306,0.4685710871,1.3867287829,-0.2909559096,1.1368111179,0.0043519727,1.0279302754,0.8650931001,0.40458498,-0.5757482604,0.0171748928,0.3296485425,1.1800280696,-0.7024573704,-0.9445150003
1.3272590138,0.5406161044,2.3765517873,-1.4987833701,0.650461867,-1.818340372,0.4665794694,0.0675312102,-0.643878791,-2.588504511,-2.2338896941,-0.765471492,1.2418333388,-2.5341653528,1.536246922,-0.4513085505,-0.0403803214,1.1049871091,-1.2530193211,-0.4399702127,-0.2360099299,-0.7569521716,0.3436368786,2.1071840883,-1.7653593588,0.5107246211,1.4221860545,1.2165374965,-1.1078224671,0.8496294007,0.1286306691,-0.6354247133
-0.2122580442,-0.4718679142,1.4309210765,2.5345839993,-0.1872205826,-0.1990764928,1.6297836873,2.744665086,1.0743859448,-2.955726636,1.433703759,-3.796809432,-2.8192577889,0.8160138034,2.5337596634,-1.393897205,5.5052187188,-1.9778161959,0.2141373469,0.0543301514,-1.4623001428,-1.8441649731,2.5455794338,0.1712308832,0.6913189653,1.144740038,-0.7593943327,0.7126496962,3.4208125444,-1.6728556241,0.7509316969,2.679054847
-0.2355457311,0.1001817688,-0.5517257308,0.1342604886,0.7178138933,1.3264780009,-0.7140542449,1.8440450018,0.8998921411,-1.5245069981,-0.7516256451,-0.5562281208,-1.2472599894,2.5960660261,0.4734102577,0.1317213612,0.4660407256,1.6303375603,1.9719964739,-1.9996256452,0.4187757293,-0.789110084,1.7329633672,0.287052729,-0.801492471,0.9722300478,0.3737723065,-1.3906770224,1.3617083685,-0.9873390377,-0.2285561147,-2.1251169799
-1.2673415507,-1.3479814097,2.1680968425,0.3302633326,-0.7686720944,0.9728675377,-0.8969555942,-1.6746910949,-1.908941728,-0.6396447038,0.4301219185,0.9025897549,1.0674782428,-0.6836840966,-0.0486857095,0.0324711891,-1.3923901398,0.1317319086,2.336143087,-1.0456126007,-2.0518223489,1.9272511983,1.3527351913,0.6188722524,1.906378709,0.0845396839,1.3312283638,-1.478465047,0.4916240504,1.1600247185,0.4662058725,-1.5713093824
-0.0408893313,0.7721447233,-0.7592694468,-0.2260091333,-1.2785661862,0.7046066921,1.1834785407,-0.2162541834,0.0665645072,-0.4475704588,-0.2926101826,-1.2242699102,-1.1924799948,0.1854709385,0.7177385201,1.0330040983,0.5891664785,-1.0276484419,0.4104696336,-0.3048089832,-1.1260902836,-0.4306132799,-0.1796956839,0.7889449076,-0.4392766496,0.2459747129,-1.2847036959,0.2769724036,0.7606161949,0.5627656213,-0.0447857596,-1.4229000578
0.6358981832,-1.2985565346,-1.0164324766,1.0765202809,-0.5996017334,-0.2315150738,-0.1928326926,0.2432503762,-1.4554094482,-0.5529377816,-1.1791485542,0.8121761959,0.3696716728,-0.865590609,0.7706105986,-0.1456657173,-0.9360049712,0.0177945924,-0.2047726274,0.169304619,-0.6959617829,0.1977707575,-0.7204546904,-0.9108117936,0.3247727619,-0.6548763819,-0.8125433909,0.4421247782,0.5760817626,0.0379528616,0.0876665044,1.2075035256
-0.3336311929,0.3348797355,-0.4297155575,0.3778086169,0.0388123528,0.4398535016,0.0599261723,0.2284016364,-0.1768082095,-0.9400715957,0.1803742308,-1.222860443,-0.6089693079,-0.9898853947,0.3294400904,-0.4254121177,-0.641123859,-0.1263662133,0.1226723566,-1.5343870589,0.397385727,-0.2656938835,0.2887268431,1.3272503645,-1.1386200519,1.1780390629,0.6334212316,-0.3251205291,-0.8025576502,0.7052104107,-0.8300689967,-0.3340410238
2.8259099889,-0.0501314858,-0.5006014469,0.1266845031,0.317754835,-0.1859042038,0.7655802747,2.5533957713,0.1017468168,-2.5127340722,-0.5341461197,-1.6208401651,-1.961506751,-2.1415948045,3.3498287071,1.1686344584,-1.2426133497,-3.3434543492,1.5421816096,-2.2935843403,-1.3525121783,-0.9632172271,1.7648128834,0.1020030663,-0.7962560623,-2.4024875375,-2.5924964233,1.0152274134,1.0207962749,0.3462075371,0.4009172106,-1.7974926885
0.3381808821,-0.8470315088,0.1282553119,-0.3709522021,0.2032948662,1.8247829785,1.0849466763,-0.8277506799,0.4216707446,-1.2523563204,0.6535584142,1.5198753788,1.1622116212,-0.5906017423,0.1472054334,-1.2028182691,1.6564012711,-1.5678363772,0.9513228627,-0.4753875153,0.014012057,-0.0167408268,-0.4109253309,-0.7986741405,1.1251751996,0.6794545146,-1.238381219,-1.1442431084,0.2687573005,-0.6591792541,-0.3175880349,-0.2653601979
-0.063118702,0.5477942202,1.4036104575,0.617505534,1.8048832942,-0.1537795495,0.1461256064,0.8900478093,-0.4911796496,0.0555828425,-0.9709071239,-0.8723020964,0.3814001944,0.8871670214,1.3266906484,-0.1737979663,1.8972777538,1.4926623443,-0.2993320813,-0.0635321559,-0.4226293366,0.1683076361,-0.2163540079,0.9635102183,0.2936597575,0.8520914666,-1.1658611432,-1.2392963774,1.5619816574,-0.678348759,-0.8252212137,1.0405723841
0.9239946422,-0.6614248281,1.152600056,-0.4212615555,-0.002691224,-0.1995581198,-0.6706156482,0.1416729565,-0.8525321753,-0.304695242,-0.2685568933,1.0834466603,0.934134806,-1.5923235591,-2.1388023753,-0.509758071,0.0978191971,-0.2094504203,0.1471417738,0.2145634583,1.7181895598,-0.5207684311,0.335503521,-0.9118608474,0.1614855339,-0.3669351449,-0.6499985064,-0.3658122111,-0.0655582208,-0.4415873308,1.3508725998,0.2591091206
