-0.2670319982,0.7529250033,-0.5218189196,0.4726274276,0.0982918269,0.7957905496,0.3388561023,0.8807930655,-0.1409148644,-0.2625785498,0.7475587566,-0.3852099319,-0.1605829269,0.1115430859,-0.2913820168,0.3556894156,0.8574626063,-0.0133415539,-0.8121244123,-0.630440579,-0.6837808006,0.6323514669,0.5932010513,0.6584046081,-0.0481805312,0.4450521773,0.6254589653,-0.9602332567,0.5732142357,-0.7611857418,0.725361299,-0.6264548417
-0.9225981691,-0.5657303518,0.571623218,-0.2035925066,-0.8016712886,0.2832677021,-0.2865115485,0.5619668373,-0.6345436113,1.1017731625,-0.0629340764,0.0922163494,-0.4589178028,-0.3642063972,-0.1880697601,0.0202032353,-0.8266292921,-0.3689502808,-0.9538858597,0.3061879373,-0.4818284985,0.2729738292,1.2339393806,0.1804879916,-0.7315645395,0.152777026,0.3676212152,0.8408815427,0.0976652513,0.7771307078,0.2766283109,-0.1436477136
-0.507857192,-0.796519777,-0.755076161,0.4558596515,-0.1311131303,0.1748875546,-0.6725402167,-0.4063408384,-0.0574090119,1.0503466457,0.3518309705,0.4721393732,0.7714883174,-0.2527801871,-0.7113353894,-0.6388949476,0.2169553723,0.3748384821,-1.1950313533,-0.6419620387,0.5698933235,-0.7333479709,-0.2324519975,0.2177363097,-0.8221141987,0.5551726217,0.7162297634,0.8718146214,-0.4725644833,-0.7453092994,-0.639737109,-0.6061047955
-0.0373835683,0.2818646867,-0.3405815731,-0.803492292,0.1515994351,-0.2728318299,0.29203412,0.6577022106,0.0078875391,-0.8017489235,-0.1194737765,-0.3671556769,0.5928157779,0.1391829919,0.072458078,0.307128069,-0.8024389948,0.7001101028,-0.2984704378,0.6878039319,-0.718523961,-1.0957990094,-0.6436553488,-0.2521038506,-1.2959682816,-0.6405541109,1.2125544379,-0.7666765308,-0.4297220282,0.5501438657,-0.3017613893,-0.1634715716
0.6152099237,-0.0605073208,-0.3942020063,-0.189697826,0.6891569343,0.6619106903,-0.9004581155,0.4101333051,0.1305915244,-0.0079757177,-0.5590212341,-0.8196780501,-0.7812843863,0.7242896515,-0.1698923449,-0.6270830846,-0.2879374893,0.7498649378,-0.6374493958,-0.7229436111,0.2553072469,-0.8006784422,0.5532665124,0.2782295819,0.078009859,-0.2316951206,-0.3673939645,0.6964368206,0.316388678,-0.2968343786,-0.1089976345,0.8092898205
0.7850254799,-0.0333404558,-0.5101297863,0.536444415,-0.5829162529,-0.6908511426,-0.7340495911,-0.7089738462,-0.517668518,-0.136511552,-1.1938380804,0.2643480912,-0.9083023441,-0.199833809,-0.6785357457,-0.0266669175,-0.8199295714,0.7894602661,0.391427323,-0.5777273841,-0.7745382286,-0.1681145676,0.5857915245,-0.6162961258,-0.6111053261,-0.8090660488,0.2919157678,0.4897136972,0.4435886865,-1.0839055475,0.5036650716,-0.6622100818
-0.0830781913,0.7768619087,0.5300720942,0.4010562304,0.4841508228,-0.7587462332,-0.5128441485,0.2191731506,-0.6043863944,-1.0977620001,-0.5254293225,-0.0169676737,0.5252623043,0.0621746787,-0.6517848211,-1.0880381017,-0.0408861378,0.0036149559,-0.741384178,-0.4085190235,-0.0532510411,0.6624006747,0.4731326724,-0.3832245936,-0.4597197432,0.1342369194,-0.2900454079,-0.4030591296,-0.5971948361,0.3347323425,-0.8145905403,-0.3999583693
-0.6145726064,-0.0190480651,-0.3362176755,0.0444807912,0.7848962058,-1.0638256756,0.6067658966,0.1480128034,0.7050732706,0.4887254905,1.0234744229,0.1673099097,0.5731973845,0.82353514,-0.5599464956,0.6732624821,-1.0248614558,-0.0935706026,0.8916837409,-0.5652905051,0.8733702152,-0.7190927369,0.0137875553,-0.5140333652,0.4851583556,-0.0767209123,0.4542065866,0.2275937267,-0.5012578722,-0.3364448924,0.6713320506,-0.5079103387
-0.0208489242,0.3704409822,0.1242110992,0.1538328509,-0.3845161545,0.481028164,-0.3029225518,0.9617393194,-0.3260921427,-0.3120810605,0.822102726,-0.1896781031,-0.7474129322,-0.666819874,-0.0080390433,-0.3165674301,-0.619625477,0.0606593031,-1.0292782425,-0.640552328,0.3348042792,-0.4853308456,0.7200350953,-0.8513931803,0.1209773783,0.7085235978,-0.2626103138,0.1453940752,-0.5584335193,-0.1614314446,-0.7486431915,-0.2884511159
-0.7550086136,0.6549990727,-0.3823740819,0.8341569199,-0.5112280631,0.4348413558,0.3800890666,0.351321519,-0.9513600747,-0.6845207948,-0.0331406908,-0.0644610505,0.1143693812,0.0246715731,0.0143267438,0.6232341423,0.3649193826,0.4598995306,0.8363257063,0.190436312,-0.4641373453,-0.8696588984,-0.0598078665,-0.5140480844,0.1844709706,-0.6115956996,0.2096627931,0.1810889202,1.0648961652,-0.8237793105,-0.3421061035,0.8362190323
0.1123895418,-0.3079139458,-0.2157756485,-0.0540501402,0.8856757314,-0.1017987593,1.063624071,0.8421729302,-0.6956559768,-0.6927337946,0.1024441567,0.8889905247,-0.0935937229,0.4468505039,-0.6459707121,1.0655742368,0.7924674636,-0.9599010346,0.0729548587,0.7554218378,0.5220436026,0.0744095202,0.3960137457,0.0818183144,0.3382764218,0.5434862313,-0.482134525,-0.216482243,0.3557228567,0.0760485253,0.0669705735,0.1192416625
-0.2717310624,-0.3118428331,-0.0758411088,0.2592810634,0.6664717719,-0.2974783089,-0.6793815906,0.329691111,-1.034019976,-0.3416650638,0.0149749511,0.2226867194,0.396146208,-0.6598810539,0.3024432677,-0.06215541,-0.6968597157,-0.154040587,-0.6891190748,-0.503753608,-0.9123715885,0.1533028904,-1.019028248,-0.3576270361,0.0595277285,-0.4648985755,-0.0201848674,-1.0365848862,0.270417852,-0.6870920166,-0.649289153,-0.2838517074
0.2921959941,0.3670962282,-0.8131799547,0.5742628603,0.9006880949,0.3060789158,0.751429562,1.0869377289,0.390905396,-1.4659110674,-0.8665561419,-0.5796842777,-1.0858404133,0.5160747415,-0.5202201611,-0.753789662,-0.1937690295,-0.8659325088,-0.5762026169,1.1441465478,0.8535076129,-1.1854378496,0.4342985986,0.7754722767,-0.0683155265,0.5339052394,0.4061567491,0.0836996173,-0.0576559209,0.468595754,0.0623111578,-0.0038100025
-0.428334601,-0.4521164177,-0.6713559778,-0.2562378158,0.6566648969,0.0869441208,-0.7531544404,0.6748663997,-0.0747676748,-0.6789006505,-0.6099484979,0.6418796543,0.974001454,0.4137510718,-1.010926523,-0.1557146929,0.3531208858,0.6698641383,0.9863893851,0.6703688525,-0.8481056205,0.9442722934,-0.3350200876,-0.6612558862,-0.9785635534,-0.0333285961,-0.1242315097,-0.0696081621,0.5457102064,-0.1110927036,-0.9363344369,-0.9469302837
-0.7428231423,0.4562634447,0.2933228503,-0.4085531234,0.7366743329,-1.140428329,-0.3678160803,0.6038222056,-1.2250273578,0.7176466708,-0.1112230164,-0.245681373,-1.0470751837,0.312016001,-0.3558876708,0.2677862987,-0.5070669099,-0.2761817116,0.854259644,-0.2799061958,-1.0160498231,-0.5154567839,0.8405499438,-0.503495527,-0.9451794663,-0.8197031482,0.565045706,-0.0307646205,-0.1941891733,-0.6288401545,0.5424236998,0.2592713075
-0.9461509456,-0.5153859211,0.2570583986,0.113835417,-1.0429409247,0.8277465532,0.4003948122,0.6785356093,-0.6804539008,-0.3181925985,-0.5768933791,-1.1568735335,0.4215489492,0.5641969622,0.2607924204,-0.1227862768,-0.6596287904,0.5121859385,-0.7605790797,-0.8008573687,-0.5855788901,0.5006112073,0.8127480373,-0.9561204597,0.0326314556,-0.5809382322,-0.8667725835,-0.389457465,-0.8025723608,-0.3404402402,0.1730698952,-0.3865408682
-0.6304483431,0.5634725253,-0.3834262083,-1.0631349846,0.4794013012,-1.0833311542,0.2335434629,1.0732788015,-0.2510674601,0.0676647526,-0.8282750503,0.6669053588,0.465317133,0.3274444964,-1.1834046461,-0.9561982372,0.8672672845,0.1168528476,1.2282469955,-0.2470581686,0.8101374279,-0.5360006845,-0.6411535454,-0.6779902175,0.0980866787,0.4267907991,1.2490320347,-0.0099882457,0.978086693,0.2313114826,-0.2057682285,-0.6245951444
-0.2506854507,0.405913722,0.5529614681,0.0461738548,-0.5998850486,-0.8215663442,-0.1961443788,0.0448183501,-0.6085059631,0.179094275,-0.3736367206,-0.9671966381,-0.3592799997,-0.4000275043,-0.2099964598,0.9463347547,-0.0341654885,-0.8656068427,0.1512804093,-1.3009244924,0.6324273768,0.7119799209,-0.5757623796,-0.4086730827,0.7147550236,0.0113129112,-0.2722031837,1.0850149736,0.9017056972,-0.5591950154,1.1487543535,-0.2117967458
-0.2160745575,0.4205780397,0.5892591654,-0.140900276,-0.6316600697,0.0946444658,-0.0348828742,-0.1823251916,1.0749852428,0.0294470201,0.3632572122,0.951930291,0.0005365835,-0.7307822491,0.7130364873,0.1532959536,-0.5345855352,0.2046583034,-0.2486222792,0.2519226306,0.8335420855,-0.2390326321,-0.0036214354,0.1792025631,-0.3711344661,0.6563771769,-0.4722817445,0.2713552654,-0.8177440269,0.7734802289,0.6759476207,-0.8401649569
-0.8277431254,0.5539482034,-0.5242408639,0.9723859713,0.5358586554,0.6937785855,-0.1317292824,0.4360741584,0.0928108035,0.1209927535,0.3121476917,-0.0929911701,0.625534424,-0.8291637672,-0.1939149237,0.4693670899,-0.6930259683,1.075774434,0.4026590357,-0.2619036763,0.6027174488,-0.7565035525,0.8152949068,0.4674628684,-0.9749870051,-0.6680984941,-0.3843539315,0.0245962917,0.640876044,0.9496948774,0.1884471689,0.071017836
0.1555739156,0.7496635668,-0.3205384059,-0.3439823457,-0.0911607622,-0.4628303225,-0.213193228,-0.296453123,0.1285133799,-0.2033912843,-0.3885884816,-0.165122607,0.6063943831,-0.2073529691,-0.2480189974,0.9302827212,-0.3583388164,-0.6353177837,0.7990423465,-0.6847423635,0.2250781181,-0.6652279414,-0.2547738855,0.3829757188,0.5151499715,-0.6933021288,-0.1113454724,0.8761390781,0.5419177592,1.1207360361,-1.0376382196,0.4723781672
0.5418492014,-0.7987564447,-0.681961777,0.2180998425,0.1449968668,0.3443648989,-0.1414784794,0.5432926024,0.5093445232,-0.7080134441,-0.1806266929,-0.0103064761,0.1953859894,-0.1102095797,-0.828391614,0.430099429,0.661961924,-0.7684621237,0.2715922762,0.1859793077,-0.9590129713,0.398345301,0.0159475431,0.1470733122,-0.1256747611,0.1562225407,-0.2733765547,0.2784700602,0.174171712,0.450965177,0.5554383249,0.7326083196
-0.6399799629,0.3241539623,-1.2198522292,0.7743785905,-0.7190388295,-0.8049624371,0.1082094344,0.9149823237,0.4098923979,-0.1812113475,0.5086901245,-0.9735469235,0.468878944,1.0097981315,-1.1200280617,0.8620877868,0.5682633488,-0.2055861838,1.2336298476,0.2164263232,0.2666410684,-0.7697115321,0.9897704031,0.3073752835,-0.2565512315,-0.4666963801,-0.1420094029,0.3650041261,-0.7019260251,-0.0677097817,-0.7132207683,0.8481504151
0.4003651129,0.7793726997,-0.843076413,-0.3589196594,0.481151698,1.0729295489,1.074968761,-0.1114717107,0.7831793319,0.4790182138,0.0645265674,-0.1110452451,0.9556735144,-0.1320601772,0.8701407774,0.0580850312,-0.651401301,1.0185834733,-0.3980651245,0.0962231035,-0.1327089813,-0.7060204997,0.8951226918,0.0733710559,0.2770326991,-0.8039559078,-1.0428421939,0.5983552528,0.9287662187,0.387454739,-0.4302585384,-0.8038698535
-0.5460210365,-0.5349626879,-0.7665218424,-0.0767670807,1.1031256873,-0.9170880549,-0.1837971647,-0.6287109684,-0.2552271031,0.8063488784,0.0370212265,1.0594023677,0.3284499993,0.4129046326,0.8663553108,1.051359749,0.0893989277,-0.9535560226,-0.0461799142,0.108431953,0.785828254,-0.283014231,0.8020147177,0.0639543431,-1.0092237091,-0.4151697867,-0.1781526191,-0.2449283579,0.0541506831,0.5342369517,-0.1364579719,0.6825511216
-0.0051338007,0.1186067875,-0.7614877613,0.3752342276,0.8055757963,0.1935011357,0.4111823979,0.0920565005,0.3837690629,0.4557314374,0.7038968065,-0.0271788503,-0.2491157595,0.6791672279,-0.6185366993,-0.5895676697,0.7077714013,-0.0727326023,0.6987491574,0.3545656433,0.7630509833,-0.6131078766,0.5105945984,0.8384949106,-0.92366923,0.6066845557,0.8070809297,-0.1998015867,-0.3037638904,1.1382837655,-0.0428407195,-0.017447319
-1.0390263613,0.4081672102,-0.1557664765,-0.6871585008,-0.4664967219,0.3154307574,-0.6375680266,-0.7975688995,-0.5989216528,-0.2867437988,-1.2853734653,-0.4749554317,0.4504983247,-0.7434208996,-0.2975704476,0.1367191456,0.4319638845,-0.0781563348,0.1228256525,-1.0144161302,-0.1803673643,-0.3466728696,-1.0341262912,0.9369635339,0.9690960387,-0.409044217,0.4066267166,-0.8764757502,-0.8166069754,0.1474206717,-0.3342236924,-0.6917783758
0.9839554303,0.3626717883,1.1432372259,0.3157137373,-0.7412274489,-1.0783073268,-0.6014876649,-0.6250690887,-0.3267337961,0.2547493994,-0.2693253956,1.2043978314,-0.2765267173,1.1015831926,0.1712024594,-0.1636631083,0.4759080702,-1.0736386232,-0.2782566402,0.4666957006,-0.4224407771,0.1475985184,-0.6799973664,-0.0018833525,-0.3763889226,-0.7250725665,0.4362669863,-0.5478774627,-0.6757807648,0.4857740472,-1.0037442349,0.2822088716
-0.9862861809,0.8641662489,-0.848572701,0.2064152682,-0.5558444393,-0.2684139499,1.1410362837,-0.9204183894,-1.0249423324,0.8970705095,-0.2938865055,0.6367917286,0.0022005674,-0.7615990156,-0.6054389839,-0.7088392241,-0.9272539525,0.49248733,-0.4332242298,-0.9169464157,0.0575247239,-0.8951512588,0.3377274453,0.1279749444,0.1945460938,-0.7818141868,-0.6883989553,-0.7007663949,-0.37168453,-0.5241506355,0.5230010117,-0.1688812385
0.8934079339,1.0976504629,-0.0846337843,0.7723686515,0.20581697,-0.692015799,0.810759013,0.7060983486,-0.3246411381,0.1139654409,-0.8963455226,-0.3583565202,0.0755325085,-0.0568247862,0.5123243274,-0.4350056233,-0.3730155322,0.6927990965,-1.0874627383,0.4807281992,0.7306648502,-0.5263804411,-0.4707517746,0.1884863425,0.4758161777,-0.6728453571,0.4788937577,-0.9173515599,-0.0085894115,-0.3414367461,-0.7190934248,0.4921359807
-0.1019833767,1.0214925873,-0.0340692594,-0.5227454679,0.2334314098,-0.7117468969,-0.6019476217,1.0516371424,-0.4352859793,1.1894801126,0.8177387407,0.0505276572,-0.5875073664,1.0077613608,-0.5467915606,0.9365868832,0.9650497688,-0.5851840937,-1.004529325,1.0601256165,0.2802001154,-0.8747595905,0.3300512521,0.6955180602,0.4822489988,0.2140350691,0.3154149607,-0.9720349849,-0.9975988553,-1.1815171471,0.1773165144,-0.7057991413
0.6521435387,0.649804088,-1.1428425909,0.3002534535,-0.5415638403,-0.105318734,0.3184309049,0.1687663869,0.990558274,-0.3981340131,-0.5400426997,0.6806824209,-0.18976194,0.1164081582,0.8714271887,0.8138304696,0.0397689342,0.0359853424,0.4634396761,0.6458451849,-0.1188754426,1.0797025125,-1.0937773497,0.6225528848,-0.5974644244,-0.1233453117,-0.8565806045,0.6925579738,-0.1029884742,-0.8107903313,-0.6848004976,0.7024414516
-0.5780397124,0.6564013486,-0.662675041,0.1620605169,0.5953784896,-0.3376150308,-0.7168224995,0.2051189827,1.0669855348,0.666520936,-0.0952887408,0.1857501761,-0.3319456211,0.6158802021,0.302616043,0.4809264378,-0.1189996534,1.1146759135,-0.0521863411,0.5234597791,0.1223197819,1.1565066768,0.2476498223,-0.7997768475,0.1126938883,0.3222306068,0.5515562775,0.1467537781,-0.9849494175,0.2461006159,-0.8956131629,0.9250107045
-0.7382647553,0.7063969538,-1.0566113295,-0.169044266,0.4897812193,-0.5344219051,-1.1918102447,-0.3044795037,-0.4011373742,-0.3621827196,-0.6835939343,-0.1174150597,-0.7160890786,0.8331192598,0.6306697582,-0.8459475521,0.734782499,0.1528803012,0.4466468823,-0.5742578027,-0.6274056596,-0.0395199384,-0.0818033582,0.7072944918,0.6361848414,-0.0381463757,1.096548006,-0.3864268858,0.0888132095,-0.6849149374,-0.4903904653,0.9943112362
-0.6903101221,-0.5639150113,-0.5645702309,0.652658548,0.8609347,-0.3146606667,-0.2376393808,-0.6510579302,0.5973645884,-0.3542173866,0.1351205868,0.4710508545,-0.4673127,0.1105139685,0.6631881011,-0.1280888613,0.5052162125,-0.2167638675,0.7365675053,-0.5244630131,-0.8204722671,-0.0003663469,-0.4270567709,0.0684796725,-0.6680762796,-0.517883876,0.3761947642,-0.9319380587,0.2683276524,0.8590674267,0.5968145417,0.6379207318
-0.1735651039,-0.8703250876,-0.4417559018,-0.1387915317,0.8019487853,0.0526935542,-0.8662750016,0.1317744422,-0.4930616645,-0.9021033971,0.5977202631,0.2906691757,0.8970556116,-0.6855418031,0.731175884,-0.512265808,-0.2399362462,-0.1832754177,-0.1205086879,0.3008134421,1.1324359724,-0.195075687,0.1577602178,0.4897668256,-0.5422545944,-0.4310591516,0.6405953425,-0.6795966995,0.1017309077,0.950276144,0.2732388572,0.6855531926
0.1914921418,0.6729694697,1.0502411149,0.3162498163,0.1346896972,-0.6658053237,-0.1959623073,-0.7702827102,0.3296355113,0.6092885695,-1.053563593,-1.0003872006,0.4260436615,-0.9222567079,0.7619640101,0.2700720807,0.8159203946,-0.639328035,1.343590099,0.9092405227,-0.0350121493,0.514891894,-1.0130894134,0.3955298451,-0.7275787519,-0.378907636,0.764879456,0.571595498,-0.469144213,0.6871461326,-0.0117373999,0.120762495
-0.1614725715,0.505799646,0.0769886538,1.0376474941,0.2783630276,-0.8116346409,0.0428203764,-0.6477345968,0.2265388857,-0.2720190708,-0.0515953008,0.4236034354,0.0743534274,-0.7687714552,1.0518780568,0.1134106212,-0.8964858034,0.3131711444,0.9604863684,-0.1558054587,-0.4642774347,-0.4939776381,-0.6656983221,-1.182109054,-0.8131993868,0.0575689736,-0.3448617928,-0.7979915212,0.8441650744,0.7755596516,0.1269731553,0.8475735715
-0.1820403055,-0.2022063747,-0.9165259411,-0.2090445094,-0.5253340032,0.6400438956,0.0772879007,-0.3753021353,0.2503852157,-0.1067126061,-0.5800798434,0.2705111099,-0.5580275072,-0.1043227599,0.2084454284,0.7442416043,0.7992844387,0.9850520916,-0.1813879805,1.0010186981,0.4337428764,1.2136102144,0.4964884582,-0.3475085641,0.9087966898,-0.6379994096,-0.6407107293,-0.8979631394,-0.422290808,-0.2744760808,0.2062503697,-0.8213970927
0.1413187753,-0.5381813619,-0.2366266256,0.5830892333,0.5545981094,0.909481472,0.8604936553,-0.1898500017,-0.8617857647,-0.732366206,0.1830622269,-1.0206716926,0.2460338989,0.1574869562,-0.818741718,0.3738091593,-0.2275823895,-0.9619739466,0.438018359,-0.4416956794,-0.1129746473,-0.3676535075,0.4175011272,-0.8991195982,0.9619364191,-0.9996337617,0.9286818494,-0.95939372,-0.6274599205,0.3898806883,-0.7386636226,-0.5771472394
-0.690652594,-0.1269608308,0.7653104339,1.3160065376,-0.5081138986,-0.9506444489,-0.2270893377,0.0002591441,0.2252768507,-0.2961563661,0.2904922892,-0.597367898,-0.1287509043,-0.918734226,0.9302565582,-0.9107687245,-0.5317932184,-0.4871567493,0.6866838348,0.178368814,-0.2829058174,-0.2573329684,-0.1665564345,-0.2129307523,0.2357997986,0.043968532,0.1913934121,-0.2926234532,0.5583801657,-0.0704418065,0.2318056955,0.2708229614
-0.0829057288,-0.9829879351,-0.7979836158,-0.1140530693,0.358111257,-0.6881161174,0.6111146123,1.2773123321,0.7185160114,-0.1956106601,-0.5755606551,-1.1653155772,-0.5755425078,-0.3077279825,-1.1669626261,0.0963107539,0.0228221623,-0.0068031927,-0.6931817047,0.9253451163,-0.1004628258,-0.5700714713,0.0339359667,0.4811926717,-0.5206665475,-0.7579013283,-0.4755112368,-0.8680791702,0.439497304,0.2249164096,0.6405779733,-0.3838357119
-0.7970487194,-0.173275388,-0.5143413204,0.5907454507,0.9722090866,0.6360293204,0.5713333273,-0.3304261804,-0.3765269413,-0.864981071,1.1627509306,0.5491265493,-1.1799549294,-0.0299943255,0.2833351903,0.17834393,-0.6541615392,-0.3384792774,-0.1834561854,0.3406374411,0.6079199208,-0.5913672837,-0.034069227,-0.6343729996,-0.4537374084,-0.6339581577,0.4122522728,-0.383767723,0.7625998744,0.9056253296,-0.9472215109,0.2555542193
0.4950113464,-1.0829485824,0.4485989725,-0.7925560774,-0.6049509808,0.0911986513,0.6477296244,0.1271294483,-0.1115468515,0.8016991837,-0.4470286069,-0.1288158318,-0.2582583121,0.1992380973,1.0624704641,0.9820197171,0.7684912156,-0.2221323627,-0.0248090165,-0.9357470759,-0.5902130615,0.6614242663,0.1518524372,0.8346696064,-0.7341849072,-0.8439113126,1.0536039272,0.7411258997,0.938411926,-0.4882100043,0.124385486,0.5652808841
-0.7063787093,-0.5630897358,-0.6300164577,0.1472906535,0.5547919905,0.5955780049,-0.5149373031,-1.1324555096,-0.283812687,0.3928023041,0.9336592384,0.3791496925,-0.9060004324,-0.468339099,-0.4800151408,-0.0120564546,0.609601309,0.4197713503,-1.2579199472,-0.7910460098,-0.6252192862,-0.0258176546,-0.1875735908,-0.8942191415,0.4558553215,0.6112507763,-0.536525878,0.8370901072,-0.9872949967,0.8368512598,-0.5484203483,-0.1213515727
-0.4956642822,-0.2359054958,0.0797528748,-0.3510022564,1.1128636398,0.1709183344,0.5188909812,-0.5113442968,0.7755836429,0.01370692,-1.141963024,-0.4585385586,-0.2918539801,-0.7680426758,0.7049885212,0.4724714117,-0.359663935,-0.5864613559,1.1122463885,-0.4576696675,-0.4463343122,-1.006912085,0.6427499671,0.9198959512,0.1986334375,0.2833756849,-0.0303014628,-0.1267778687,-0.5807793052,-0.4484321575,0.7815095991,0.2168140852
-0.7826113871,0.1338354139,-0.6516439862,0.5829341585,-0.3269567879,-1.0802138418,0.5201497804,0.4972636888,-0.5147541283,-0.0084507284,0.2575829106,-0.1956744024,0.5995870844,0.7441224938,0.8074996181,-0.5287410227,0.2057075906,-0.8710164987,-0.8282198352,-0.4644338596,0.9506583224,-0.4297779842,1.0422612585,0.4816028352,0.7347588502,0.5185003559,-0.6326049029,-0.2367065158,1.0072422275,-0.3895441503,-0.5720262022,0.7169408813
0.4653547895,-0.0755529485,0.8902837175,-0.2083426305,-0.7483526835,-0.7191058494,-0.9324693966,-0.1916515316,1.1537901621,-0.4685076115,0.4620121793,0.1915240493,0.7708356689,0.1380037597,0.1936027314,-1.1775702434,0.1270473867,-0.3409008999,0.3993678469,0.0321788861,-0.7806490146,0.5513558515,-1.0499351949,0.2675957531,-0.0402938167,-0.018779122,-0.8635621634,-0.7513350426,-0.8307715183,0.7167172732,-0.8203323919,-0.3983987421
0.5715537308,0.7009020961,-0.8384956852,0.0836768557,0.0478662776,0.60626073,0.6345421934,-0.428013379,-0.9382609438,0.6718881343,0.416160961,-0.9158353978,-0.8446589508,-0.9379302682,-0.2310497672,-0.761696037,-0.2704529579,0.8365036581,-0.8254032329,0.8059248851,-0.4095303044,-0.1007891865,-0.0203026961,-0.2725963042,-0.1541802924,-0.0694205062,0.9104656131,0.2545613046,0.4635469236,-0.4968933999,0.2999732331,0.5618982066
-0.1426559689,-0.0937449518,-0.4794452964,0.5267164505,1.1485103997,1.26882368,-0.7738765802,-1.0326136584,-0.8152191305,0.2507697969,-0.3540051321,-0.7166450386,-0.43356181,-0.7327843071,0.088292037,-0.5476170776,-1.005634351,-0.6178892446,-0.9916761414,0.8723167341,0.710057959,0.666584051,1.1207717418,-0.7208967952,0.1076640524,-0.5433133476,1.0089301594,-1.205224945,-0.3890344608,-1.1835893479,-0.0991108175,-0.8131730585
0.7419588655,-0.2615411857,0.0587157439,-0.2696672356,-0.0766819461,-0.1685324948,-0.9643048388,0.3876627483,0.195111056,-0.4707909869,0.8504999047,-0.570970145,0.4822845129,-0.7917675912,-0.3368709455,0.935311656,-0.9175498741,0.335631435,0.867458648,-0.3127860345,-0.5489918405,0.6183789398,0.6446002657,0.9538767361,-0.5173487033,0.3665804023,-0.5764208909,-0.5298327468,0.2189336807,-0.6232454344,-1.1159396265,0.4891210845
-0.0772881793,-1.0257260657,0.1763635359,0.4760175831,0.356250481,0.2154649556,-0.089341232,0.323381523,-0.1507342751,0.4016962139,0.3506050049,0.6570932595,-0.460378176,-0.4060246835,0.8014509049,0.5401592563,0.245262338,-0.1463840352,0.2431344243,0.0914520316,-0.1102079184,0.4199691642,0.2922374028,0.6110418111,-0.9412835699,0.9516474959,-0.6998495986,-1.0892123612,0.3710306727,0.3726726314,1.3177867837,0.4060787183
0.1007834244,-0.763665481,-0.8899497379,0.2176768464,-0.0282463067,-0.7993306997,0.3511828971,0.8744665042,0.6825739291,-0.3462036998,0.3708779525,0.8199398862,-0.1764049988,0.3649603993,-0.4805787669,0.5410151676,-0.5883819148,0.1523680442,0.3201754477,-0.6535042475,0.330081302,0.4450271299,1.0627602645,0.4998497108,0.5048332659,-0.6424768076,-0.2884364029,0.3981280742,1.3470380557,1.1401397291,-0.7664224889,0.3040744418
-0.2535262088,-0.7436569028,-0.5265994484,-0.1750292064,-0.0484749924,-0.1195510151,0.4622514358,-0.9951186978,-1.2502291702,0.0549214349,0.0080369461,0.7897153698,0.7783823257,-0.9887982819,-0.9729445472,0.1258280057,-0.3427908898,0.0953787258,0.0826566385,-0.8444021263,0.1748845845,-1.1184996795,-1.0260594671,0.9740638393,-0.7619530586,0.2355753138,-0.247936056,0.8154069828,-0.3230646677,0.2930230658,0.5736146927,-0.3063602056
-0.3640978786,-0.8189911067,-0.3844493604,-0.251276699,-0.3253920089,0.0453991157,-0.2169425827,0.7821568506,0.8517812391,0.4586422684,1.0528189937,-0.7682640062,0.4035423623,-0.7205995397,-0.5169571216,0.5810957492,0.9256710457,0.2240413561,1.4536222837,-0.1999902664,0.7838400694,-0.9582953021,-0.1394822264,0.5464585575,-1.0187374691,1.1788463691,-1.0607528776,0.2593863496,0.6477385608,1.1956608824,-0.1944215104,-0.3581321743
-0.8755943401,0.7153847816,-0.9476215782,-0.5677049187,0.5604309212,1.0470480293,0.6183729959,0.3704720064,0.3182024297,0.2314479806,0.2243045474,0.1030899188,-0.0970930357,0.7689776189,-0.5556004977,-1.1872831594,0.8688374021,-0.4527844011,1.0320072818,-0.0308035833,-0.3092031409,0.5145914034,-0.4666516549,0.8436346054,-0.9899280257,0.1042988167,-1.0299893572,0.865188631,1.2125212884,0.7475561075,0.8547699671,0.2280374057
0.2225233407,-0.1344650729,0.2291185249,0.6301565112,-0.0055410799,0.6641901509,-1.046873247,-0.3325063534,0.4396886211,0.7712719109,-0.5881045863,-0.7603841653,-1.1257701978,-1.0741109494,-1.2413111168,0.1719423208,0.1038333146,0.6121284697,-0.9832251309,-0.7819439137,-0.8579814981,0.2299551723,-1.0324740884,0.8071578287,0.2019240224,0.7122743067,0.1744069287,-0.2629931456,0.9612547222,-0.142113167,-0.907631762,0.9585947846
-0.0827796285,0.7976416965,0.6813989986,-0.602114518,1.0144846685,0.6816331042,0.18431148,0.9733642484,-0.3979890388,0.0564615985,0.3612617618,-1.0194261464,-1.0548998234,-0.8763970968,0.4568332459,0.4692284183,-0.2167439966,-0.3464804254,-0.9189183336,0.0149731827,0.6420572942,-0.8884317388,-0.2309818756,0.7801788373,0.2303693071,-1.0024925003,0.5617387826,0.6499087291,-0.2420459915,0.9714186642,0.1109437536,0.2047705733
-0.6897756496,-0.2836955187,-0.7059367284,-0.9407297995,0.9723813795,-0.0002049521,-0.9922715194,0.0055642882,-0.0010228569,-0.0337176475,-0.2067374665,0.1217536898,0.3039201655,-0.7897630807,1.0143754058,-0.5245273506,0.8558676788,-0.0607009275,-0.3392507707,0.367372411,0.0349447262,-0.7134836825,0.3196100934,-0.8130269781,0.5745650649,-0.5625673006,0.812220541,0.6986167545,0.9314280567,-0.1720601447,0.6699608005,0.5911183246
-0.5081554044,-0.4925343417,-0.678006312,-0.0688392166,0.7975418664,-0.5426255635,0.2984243419,-0.7747450007,0.182358992,-1.0361805085,-0.5074642808,0.5539112909,0.1233486712,0.8545019103,-0.3283919272,0.8790446856,0.3949882218,-0.5013300578,-0.5645530767,-1.169871682,-0.24529315,-0.7101567802,0.2570958581,0.0603070411,0.0738695269,0.5317900913,-0.1437588384,0.1555239564,-0.8098241793,0.7563275989,0.3394031496,0.7766157135
0.2329399434,0.508572843,-0.0390786728,-0.6500801825,0.1541353438,0.2812263345,-0.9209582417,0.1779724154,0.0831168736,0.5680571325,-1.0561644357,1.0419448123,-1.0304041291,-0.179232588,-0.7747708726,0.4504877186,-0.954554905,0.4715477854,-0.1247766645,0.6393327447,0.6720080664,0.7871486577,-0.5549965579,-0.3442209299,0.135715198,0.3795581851,0.0434078066,0.2250855974,-0.2313026249,0.9571243494,0.5282803472,-0.2088917428
0.0305137332,-0.2107614932,-0.5852431599,-0.681399955,1.0652343209,-0.1191773533,1.0666718253,0.7863855671,-0.2747335436,0.5015406965,0.4178677786,-0.0418861515,-0.2467400977,-0.5361199326,0.5134704048,-1.0573467398,0.1990127467,0.5229515003,-0.7891835651,0.7141440177,1.1754731115,-0.849636553,-0.1307427108,0.3472693659,-0.9894117878,-1.0342879228,0.1807397569,-0.9514218889,-0.0752466613,0.7075396326,0.1895491941,0.8329180488
0.6602973963,0.0112785535,-1.0828083543,-1.2761797821,0.0143624599,-0.8059058218,0.0059561059,-0.055544676,-0.9798571687,-0.0474198114,0.0379408246,-0.8215834959,0.9864617979,-0.4413668583,-0.2012231005,-0.1763386532,0.7119088366,0.4344365385,0.2852272299,-0.961422014,0.1244088544,-0.8239353028,0.2437606946,-1.0127329345,-0.6888598638,0.1072629076,0.6767023197,-0.9906343429,-1.2420989733,0.2369832698,-0.5759498097,-0.55074673
0.7616105547,-0.7145274732,-0.1178330637,0.5922314944,1.2925710964,-0.5360111327,-0.5725641623,-0.7896652277,0.6207192859,0.3967119368,0.2250326767,0.1243751564,-0.5512564991,-0.2051883928,-0.5099834718,-0.0187649607,0.025827354,0.1988245438,0.5339891884,0.0780982755,0.8509153389,-0.9985331848,0.4202797438,-0.7576923419,0.2530761646,-0.6991729021,0.0097853464,-0.2655399122,-0.5743696536,-0.0869425108,0.8453871829,-0.4237543914
1.0195430959,0.2797111616,-0.6254584514,0.6063315425,-0.6789910885,-0.9369551463,0.6484283597,0.7324481187,0.8759373274,0.8202195654,0.1117736592,-0.738433574,0.8553244752,0.6989768684,-0.7101483791,0.5067641833,-0.5098816779,0.0856834496,-0.317670509,-0.3708209531,-0.3365413881,0.3639902788,0.774202519,0.2221730319,-0.2971738088,-0.170931444,0.6299448974,0.0840208938,0.8710018043,0.0606959916,0.8089280402,0.9000569716
-0.0650833372,-0.8186073655,0.4228744825,-0.0535090996,1.1336275096,-0.3873869196,0.834313392,-0.2355842693,-0.7898881682,-1.0592179756,0.5714867732,-0.12109946,0.088392725,-0.5165180951,-0.2527048306,0.6368516819,-0.259999085,0.1729845052,-0.6343203398,-0.7406341362,-0.1712109624,0.6836624785,0.2651774316,-0.4288987396,-0.4109376665,0.359571583,0.1936590912,0.2688482655,0.4315383915,-1.0871695246,-0.08136271,-0.1100555491
0.2292355592,0.4110776375,0.5864420304,0.4541085112,-0.0764002279,0.6479411659,-0.093127502,0.2195138737,0.1174556951,1.140098594,-0.639342505,1.0136852714,-0.1102502129,0.3504256129,0.7019869326,0.7636923564,-0.3006628799,0.6344918296,0.5605038775,-0.7366191963,0.4422701787,0.2530010257,-0.8398418101,0.0772806501,1.0654866605,0.0963047437,-0.2834607696,0.3352515728,0.0901074277,0.4955230021,0.2079704729,-0.5254173154
-0.2475575392,0.9149922469,-0.4162993592,-0.9560174562,-0.6019201187,-0.5107060613,0.8773931141,0.0440803996,-0.0054738337,-0.846663777,-0.2589282643,-0.6700900694,0.4524747859,-0.0352937717,-0.030508921,-0.2357718957,0.4261367843,0.4445335316,0.132786793,0.051359482,0.4326162484,-0.0036054448,0.1997187756,0.7051878947,-0.2887078009,0.1938238961,-0.788067635,0.6076348632,-0.5876035391,-0.2485299519,0.6333059436,-0.153276215
-0.3167877476,-0.318481858,0.836525888,-0.2534758675,0.0448312289,0.0116916413,0.069241804,0.7200308504,0.3430654829,1.0337689692,-1.0843621031,-0.4784296912,0.5705323804,0.5657543731,-0.8273204855,0.3582990877,-0.9247637038,-0.5117914062,0.86511272,-0.9851318217,0.0147615208,0.8402380041,0.7066804819,-0.9932933605,-0.2264539791,-0.0661482629,-0.0267512784,0.5140300102,-0.3251565616,0.6199652061,0.1989709497,1.0756443165
0.9809525103,-0.0818578122,-0.2530644146,0.1097082524,-0.2990233445,-0.9799412263,0.9255494269,-0.5200691985,-0.5663879145,0.2441023754,0.221381766,-0.2193810191,0.5456624374,-0.1876192347,-0.9239888035,0.8388527823,0.9662468636,-0.3045709159,0.0690843583,0.107372436,-0.2998219834,0.3878467912,1.0246053487,-0.2732869891,-0.9809391007,-0.9047960798,-0.432726333,-0.441733439,-0.3333054199,-0.8234302827,0.3331283444,0.8458379879
-0.5160924093,-0.6842864354,0.5332786089,0.1635532395,-0.0814967007,0.1183481192,-0.6576067951,-1.0463324965,-0.3801684686,0.9521005339,0.6584882778,-0.5826788269,0.2376487,-0.2869085225,0.2183791065,-0.33525382,0.1482552617,0.0121575783,0.9289942795,0.0462303696,-0.6674641293,-0.2272597412,0.5758392286,1.0960253054,-0.6787774654,0.1013796015,-1.0620684289,0.8352828278,-0.1495620482,0.0676111348,0.6716963016,0.6834392767
0.1241165107,0.6468930321,0.8855116508,-0.3528813083,-0.1635818965,-1.0749569601,0.0788520345,0.0705115714,0.1580649292,0.4417083397,-0.0251317786,0.4159936565,-0.4947812105,0.2777255017,0.0547763973,-0.6100892094,-0.0602207544,0.1255815384,0.4865715773,0.1091849168,0.7169160757,0.2176273928,-0.6511891484,-0.8477202734,-0.1564962481,0.0788752993,0.2800923288,0.4802367563,-0.225206374,0.1111824517,-0.7104181789,0.8494406092
-0.4163666035,-0.263343173,0.5457232971,0.2323893783,-0.0951487747,-0.5844225206,0.8554479456,0.3428692546,0.4592266302,0.7255802066,-0.7425814322,0.157735877,-0.4761269748,-0.7884547091,0.7976194209,0.695270165,0.1741511873,-0.7533664095,-0.7625205018,-0.8000091242,-0.3196124356,-0.4968160357,0.8313274141,-0.4664203069,0.2330638647,-1.0442569705,-0.3397654775,0.4683255236,-0.6230315574,0.6875403588,-0.5838135837,-0.4400323957
-0.054490926,-0.4872986249,0.3624977545,-0.3448287697,-0.7259910215,1.2096217478,-0.1524344402,0.8714366417,0.8042007148,-0.3087021226,-0.0406581532,0.27867529,0.8232786622,-0.7958359192,-0.7748629759,0.7998273979,-0.205447632,-0.3918364723,0.0486046148,-0.9222121854,-0.3272804094,-0.8076482206,1.0969348182,0.2643903649,-0.1448702228,0.6958827961,1.0990769725,-0.0044677916,-0.8910250682,-0.7473080674,1.0341047489,0.3199051449
-0.899815244,0.1842544835,-0.3011619931,-0.5119249401,-0.4764201401,0.3774455099,-0.7458346003,0.4842308295,-0.4515638917,-0.8569590136,-0.8673746157,-0.5686553598,0.3946520879,-1.1626934714,0.7473540094,-0.7437011243,0.8135451961,1.0267170933,0.9704238219,0.9418056628,0.7007341133,0.2569743124,-0.0509176558,0.5482431553,-0.2915444028,0.8914141342,-0.9708230494,-0.0001736763,0.7709075956,-0.7768204589,-0.6973209035,-0.4516461549
-0.365313721,-0.404908477,-0.5173348973,-0.507393481,-1.008975183,0.1824786733,0.5998233436,0.4280847418,0.7337252523,-0.263502945,0.1738810227,-0.7255895544,-0.9486824697,-0.2392844181,-0.4777363534,0.7483901763,0.6851292929,-0.7664459277,-0.3391021809,-1.1854061223,-0.1520186422,0.8726267155,-0.9511509599,0.7224896699,-0.7626181775,1.0397578897,0.6983166338,0.5370574468,-0.5450005451,-0.8587369183,-0.2652247206,-0.8133080007
0.626705108,-0.798918863,0.6761358344,0.2140613348,-0.7201665515,-0.1522817169,-0.5201200266,-0.9949788531,-0.6046347814,-0.7066412995,-0.3153514037,-0.4392733513,-0.2094545644,0.1121115904,0.4124973773,0.9327458032,-0.2737780131,0.4303375595,-0.2052479841,0.2715396249,0.2519222807,0.1642909436,0.3355340951,-0.0927907722,-0.5053845555,-1.1877726385,0.1778377351,0.250492946,-0.0881793915,0.3973273938,0.968903838,0.8017327823
0.6055415134,-0.0723120791,0.8107148292,-0.1559512559,-0.6184927076,0.2464496777,-0.165792116,-0.4099567345,0.5383381511,0.4186249344,-0.7190288152,0.1427866982,-1.2310679546,-1.0907184057,-0.7281508665,-0.3746482768,-0.9574584768,-0.1520941815,-0.5195046919,0.4273821942,-0.4657932359,-0.0440238217,0.1931022714,0.324899216,-0.3156267803,0.0663627071,1.2132149788,-0.255108208,0.8153506255,-0.7923545042,-0.5970397795,-0.6470876997
-0.7398672005,-0.5929922195,-0.8323418794,1.0436041338,0.4031252616,-0.2763819132,-0.7644599962,0.9165447369,0.9017082933,-0.1164300355,-0.9379917858,-0.4350491423,-0.4945362495,1.0006852362,1.0453781222,-0.5481446706,0.8255254785,-0.9313059583,-0.5384471537,0.2248885802,0.7623732627,0.5275329034,0.672091646,0.0366811038,0.4544221835,0.2170003023,0.8324187541,0.4970227005,0.2608460854,0.8294849732,0.6738644364,0.8366236354
-0.4324065655,0.4164708422,-0.3383369908,-1.0235467071,-0.1023143966,0.2584581704,-0.4008464057,0.1773414415,0.637222773,1.008393758,0.1096088962,-0.6829289614,-0.319626523,0.7001668652,0.5973422326,-1.2113732447,-0.7687822268,0.7984433505,-0.7083672507,-0.1546106708,0.8041105686,0.7002742223,-0.1819041758,0.1645654296,0.3098612538,-0.7161352503,-0.3362905312,0.1099720331,-0.0646559359,0.8475081108,0.1212018667,-0.7123326749
-1.0186118378,0.0152547185,0.4644195399,0.3724132028,-0.1505445587,0.7895201193,0.4937115268,-0.2475868995,0.5887341827,-0.7639437747,-0.5163985854,-0.3656271486,0.7427630811,0.5268019928,-0.8991463812,1.0783014049,-0.8178296306,0.6939284213,0.6500687995,0.5256455334,0.7886315326,0.3313999903,-0.3725438312,1.1286442607,0.1074489995,0.8598844404,-0.9219236934,-0.4282391293,-0.3506527808,0.5212934406,0.5732626541,0.135400178
0.5275260332,-0.4417824208,-0.664922865,-0.848015568,-0.7705115732,-0.9311466637,0.7076855812,0.8820623413,-0.7529151137,0.6075039478,-0.6009808489,-0.0732873506,-0.4758437585,-0.5495397804,-0.915539954,-0.6260853322,-0.1851992186,0.0769543407,0.3437574615,-0.5782314567,-0.0903967879,-0.1964907519,-1.1010173204,-0.1437680975,0.2809744648,0.6974907287,0.0057024839,0.122275518,-0.3997525377,-0.6541120368,-0.7513994371,-0.5953847593
-0.6742550667,0.678584254,-0.371721986,0.327307833,-0.5602239147,0.5980234274,0.5667083764,0.1622030166,-0.445237323,0.0315101664,-0.1805356943,0.2777513568,0.8288111374,1.0590191246,-0.7366142435,0.0734956252,0.4722951143,-0.2988659618,-0.2861596168,-0.3323174805,1.0550527991,0.9710330701,-0.6325053103,0.4383982048,0.4692093351,0.6765052512,0.0478742345,0.5722172317,-0.5394058099,-0.3487215604,-0.303743428,-0.507777048
-0.9344537367,0.2161933475,0.0127300918,0.9455497528,0.9804836836,-0.8880749053,0.6598683199,-0.2015459783,0.5378571281,0.4660732601,0.3007731088,-0.1747225101,-0.6609649829,-1.1204402166,-0.2108781995,0.6163448158,-1.095721274,0.1720730627,-0.8900274968,-0.1587655097,0.3681453017,-0.0543214268,-0.0804570442,-0.7612206068,0.0635438733,1.1842760853,-0.1230711569,0.2973435271,-1.283907195,0.80045199,0.737521836,-0.1149077262
-1.1235278426,0.607785124,0.5487398676,-0.0039374728,-0.8018517266,0.1982898903,-0.347035117,-0.5267872599,-1.1943807704,0.3517995414,-0.5804317697,-0.5367570794,-0.3790345974,0.1424348067,-0.6251846833,-0.2657401802,0.1769397397,-0.5269826454,0.6407538189,0.206679633,-0.8929247904,-0.2119684474,0.2763935284,-1.1353625182,0.6173584472,-0.4519229861,0.6513002681,-0.1135237749,0.0577139458,0.4255643931,0.6084608473,0.15384388
-0.9022145219,0.4362455185,0.7909335328,0.8599356674,-0.5704098757,-0.8444013407,0.2356445535,0.378413705,0.7625701427,0.7645596597,-1.1626783754,-0.4777865531,0.8885838668,-0.0775570516,0.3720765773,0.8686449282,-0.1936006235,-0.2920460884,0.5457619526,0.8546816669,1.0988105893,0.5648294982,-0.5005678897,0.8491308515,0.1247793213,-0.7676900502,0.3302088713,-0.5391931367,-0.2926450825,-0.1825424905,1.1258966745,-0.8013667422
0.9460325176,0.5853928549,-0.5574308573,-0.8917007223,0.7287135213,0.8315786478,-0.6285442671,-0.6373735509,0.8086760274,0.4692945817,-0.8940401402,0.0806610763,-0.8303755737,1.2377669346,0.5153950415,0.2537197352,1.0857419786,-1.0183038016,0.0607832216,0.3696457893,-0.5778260374,-0.3495706043,0.66411211,-0.0681530735,1.1302534769,-0.39867179,-0.9906018668,1.3613668228,-0.0472984146,0.2542640525,-0.8160497282,0.1141627501
0.3746615675,0.1195788777,0.4140677925,-0.5511385774,0.7829690961,-0.6920035988,-0.404765368,0.3253579247,-0.3164178913,-0.4173959829,-0.5475479316,-0.3714761828,0.87532564,0.182967009,0.6740457755,-0.1347589609,0.7394063577,-0.2902297039,0.0603985535,-0.1498567918,-0.767599995,0.4449131434,0.3801455994,0.3987006781,-0.1184526685,-1.0886727443,0.8423215086,-0.7388611054,1.1710944378,-1.0195075616,0.3448860428,0.3664154963
0.7418393421,-0.3474098484,-0.4436897668,-1.0008277437,0.0576640936,-0.4422417116,-0.6447058591,-0.8974280823,0.89543096,0.1435968977,0.2921375836,0.1372564752,-0.1061266264,0.6629438899,-0.2663573078,0.2084157267,-1.0664313332,-0.2443761062,0.4616575601,0.936386245,-0.3054332611,0.7898478239,-0.6081219089,0.7819762311,0.5015740844,0.3167618808,-0.9847152487,-0.0689189946,0.6921342418,1.2228254417,-0.5836824992,-0.9206072561
0.7448396812,-0.3092199103,-0.4213371538,-0.7602341016,-0.6677557223,-0.5838959825,-0.6007409495,-0.7287382738,-0.2176434685,-0.3752711738,-1.2717503673,0.1219180857,0.2194705162,-1.1592332776,0.1500632039,0.3490486066,-0.3668429497,0.4588703787,-0.4333421897,0.0134948525,0.1277099196,-0.6424035518,0.2609549301,0.5245196587,-0.903128542,0.9498731331,-0.320060106,0.5944737211,0.1100456654,0.233206029,0.8290978299,-0.0747000991
-0.8214670384,0.9418518734,-0.0703296505,-0.0390196783,0.5735377588,-0.5649017491,0.5157174851,-0.7212758044,-0.2246632368,0.1142445488,0.2165243262,-0.4900617961,0.6439867006,0.839190935,-0.9100230658,0.0603626684,-0.2903837838,-0.1836502402,0.9038832295,0.9509289966,-0.9503819185,0.2660510499,0.2684276287,-0.8334599415,0.6444743069,-0.416393877,0.5957925131,0.1936711164,0.1399741299,-0.0921590125,0.8082869752,0.2987121462
-0.7295226304,0.9187870228,-1.0802966042,0.6357048668,0.9335226192,0.4237430322,-0.5413120863,0.6780499,0.3459110563,-0.1204704393,-0.2748189623,-0.8646966753,-0.6388136123,0.9503272614,0.0916383755,-0.6812586909,-0.0417289381,1.0205653127,1.202757225,0.4064725318,-0.8010481115,-0.1211839237,0.9006362289,-0.752837829,-0.1742463838,0.6063438444,0.8769382608,-0.6555156028,0.7266954211,-0.1916116627,0.8578858255,-0.4333044246
-0.6279024168,1.0194640156,-0.2812267463,-0.4715216797,-0.182016017,0.191513374,-0.6603811109,-0.5163096899,0.8437318371,0.476599737,0.0662456146,-0.3499140281,0.709160145,0.0158555374,-0.0397772165,0.4664152063,-0.3171915465,0.6116983568,0.4192268628,0.2244027094,-0.5397439808,0.9619159008,0.6537447431,0.360170126,0.717187651,0.6957769857,0.8542903752,0.3390022594,-0.5965714692,0.3538615029,-0.8395512951,-0.794685697
-0.2109004853,0.4683658414,0.058938263,-0.0098216955,-0.7040869089,0.1032113373,0.6829193299,0.2008410596,-0.1102382127,0.0140598225,0.1688470819,0.0239090734,-0.6142807251,0.6917600517,0.5574430282,0.671916223,1.2895750528,-0.863967001,0.3322351887,-0.3123193335,-0.5148638762,0.2157691644,-0.8117521252,-0.1129597665,-0.1369970117,-0.6359980425,-0.7766919015,0.395486782,0.7746309313,0.3930035998,-0.033356933,-0.6756200819
0.0745782567,-1.0636132033,-0.0942074747,0.7846052272,-0.2347582455,-0.6873963217,-0.3095736781,-0.9674452417,-0.9084906049,-0.3109976735,0.0257216859,-0.3388333769,0.5666325096,-0.0948527093,0.4016147791,0.1774070378,-0.9924807194,-0.0874864448,-0.40218207,-0.0322181346,-1.0536569553,0.1055216134,-0.090212467,0.246379173,0.6108895481,0.038061758,0.225792486,0.2434131486,0.2487540467,0.8276069437,0.1008890996,0.3899356135
-0.1251322297,0.0719641471,-0.9274881163,-0.1120545131,-0.7143309392,-0.1980562169,-0.9701776527,1.2536803126,-1.1086439949,1.0807180276,0.2359277158,-1.0850369576,-0.3743388014,-0.9115541961,0.6881487251,-0.6888361558,0.7693192758,-0.7949891228,0.7500906923,-0.6541564165,0.2788073603,0.2603485894,-0.4251820985,0.9448543624,-0.7418309089,0.3147136896,0.2637442065,-0.9167607325,0.2737161833,0.3268725435,-0.9426295039,-0.0332238103
1.0213321485,-0.8042765172,0.1906364336,0.0037664401,-0.0804062737,-1.2023528798,0.480816414,0.7931468379,-0.9666597923,-0.3820036715,0.7508357057,-1.0187678852,-1.0283474592,0.0064532434,0.8398409756,0.3573411094,0.2245117965,-0.7479472905,0.8872150942,-0.7698711543,0.6241341965,-0.696852239,1.141287815,-0.2054142857,0.5747118427,-1.0583674928,-0.6212983984,0.5609564159,0.296337842,-0.2941609539,-0.354238919,-0.0675283587
-0.1291220706,-0.6592021571,-0.4406415015,-0.4593579372,-0.1049357516,0.707529558,1.2480385948,-0.5237036521,0.8829417829,-0.8079780462,0.3528566966,0.6928006817,0.2514088458,-0.9550994152,0.6654930882,-0.6085002902,1.0632491264,-0.8839517518,0.2773122644,-0.1070543667,-1.2938293192,-0.0187788,-0.1200430778,-0.1665716001,0.8738971006,0.4330400926,-0.7961527463,-0.8238085377,0.1962943659,-0.4114228223,-0.2717259256,-0.1046408987
0.1708675401,0.462514499,0.9106104981,0.5568853762,0.5718372682,-0.134141641,0.3121960083,0.3433629881,-0.7003416846,-0.0443033222,-0.6294564853,-0.7204203795,1.0145176145,1.1495650636,0.928491448,-0.5543792505,0.9685794958,0.9941386368,-0.5199507782,-0.8579900533,-0.3696303497,-0.3087838501,0.2673183787,0.4104220418,0.4866291601,0.5497270998,-1.1528930058,-0.7488329212,0.9528233006,-0.4005678325,-0.3553389134,1.0254106032
-0.5273756931,-0.81341782,0.6619407117,-0.9385973662,0.5954992451,-0.8246557973,-0.3520701183,0.4705117635,-0.2242495038,-0.1908805833,0.275523563,0.5391730295,0.5681956805,-0.5297419817,-1.125287249,-0.27846887,-0.3708234642,-0.2200270939,0.869487544,0.218155965,0.7231000255,-0.0537973167,0.2162192887,-0.8072611405,0.2934582931,-0.1325607506,-0.6440257583,-0.357642494,-1.1567259306,0.3516659872,1.2678292116,-0.4673625397
